id,reviewers_name
0,김혜은
1,김태현
2,허은연
3,박예현
4,오인현
5,박윤성
6,김가지
7,이성호
8,이소성
9,김산연
10,김수은
11,이영민
12,최병현
13,장제주
14,배다은
15,박동호
16,구수현
17,박준순
18,안초원
19,김승건
20,김민우
21,이주번
22,이다서
23,지승준
24,박수은
25,김군연
26,김예안
27,박원청
28,안혜영
29,진형주
30,박민윤
31,박요선
32,백지진
33,황정제
34,강소연
35,정민호
36,한희윤
37,허진긴
38,윤나서
39,유정규
40,이시시
41,김동수
42,김유은
43,최현규
44,김효주
45,박형현
46,이채민
47,박정호
48,김지저
49,권민연
50,송고은
51,신성운
52,조다서
53,김우현
54,장유예
55,박전훈
56,표세선
57,최요호
58,이유빈
59,김재린
60,최서빈
61,김민용
62,김유현
63,최대용
64,손예현
65,임준용
66,장수연
67,정동호
68,채서연
69,김주호
70,정하주
71,백인형
72,채예주
73,오영전
74,안혜주
75,정준진
76,신슨연
77,노태현
78,김모현
79,박윤청
80,이나서
81,김동롱
82,박은원
83,권재현
84,박지저
85,조형석
86,정민현
87,최윤요
88,김현원
89,신동베
90,유수영
91,박진균
92,이가원
93,안민진
94,안세견
95,김동현
96,이소진
97,조준규
98,신서연
99,김종숙
100,정유주
101,우성진
102,김주윤
103,안은호
104,임아영
105,이전형
106,김혜영
107,이재민
108,유수저
109,임형진
110,김미진
111,최성성
112,유채연
113,이긴성
114,김수아
115,정조민
116,박나연
117,김세수
118,박현연
119,유승훈
120,윤현연
121,류전균
122,최채연
123,이겅관
124,유주서
125,김도균
126,박유빈
127,나원재
128,정소희
129,황찬현
130,오희진
131,이정석
132,신나주
133,김준민
134,박서빈
135,한송운
136,이지주
137,김동후
138,서예현
139,이인보
140,문유영
141,서성석
142,임지연
143,김주현
144,이채저
145,임병주
146,박소연
147,이숭훈
148,김서민
149,강제운
150,황혜원
151,김정역
152,이연채
153,이성역
154,정다빈
155,신성슨
156,강수연
157,김용원
158,이희지
159,채강철
160,정저빈
161,김태호
162,이현은
163,박연연
164,안소원
165,심재호
166,김자하
167,문강수
168,김세민
169,김규진
170,문저안
171,남찬재
172,박민서
173,이민우
174,김유하
175,김종홍
176,유소원
177,김지굥
178,조서연
179,여문순
180,유수은
181,손성혁
182,서지서
183,김민호
184,정이라
185,김성근
186,이미희
187,한성혁
188,안소현
189,이경우
190,김현경
191,황승호
192,홍민현
193,이연완
194,길진신
195,김당유
196,김지연
197,전현후
198,정서민
199,손봉후
200,윤희원
201,안조우
202,권승원
203,고진영
204,조규저
205,황현연
206,김미현
207,채우빈
208,유유현
209,이산문
210,이진연
211,안승진
212,한하은
213,오승현
214,허민현
215,윤권진
216,정최현
217,안동긴
218,조수재
219,박희현
220,은서서
221,최찬진
222,주미수
223,강경운
224,이휘하
225,윤군찬
226,전시진
227,서성이
228,임채희
229,최동현
230,최민연
231,임승연
232,이미연
233,김준경
234,배지연
235,박호주
236,우보아
237,엄찬준
238,이이빈
239,송형유
240,배벼희
241,홍벙준
242,이현빈
243,정동준
244,이소나
245,나상운
246,서채민
247,김태영
248,이혜빈
249,이당석
250,권지연
251,조경주
252,신저윤
253,김연호
254,김소은
255,최태민
256,김수안
257,김종주
258,구지진
259,전상민
260,홍지진
261,우명주
262,박채은
263,한영호
264,장유진
265,강준우
266,김희원
267,김인희
268,송혜연
269,송승긴
270,김현혜
271,김당호
272,이소란
273,김숭석
274,김주혜
275,장시완
276,김현은
277,김현빈
278,김현린
279,채정량
280,김다현
281,오승후
282,이지희
283,정준환
284,이보지
285,이진재
286,조지수
287,윤재덕
288,한미연
289,이견섭
290,임예민
291,박지운
292,최성현
293,박원혼
294,김다진
295,정승운
296,손예민
297,김창환
298,임지연
299,임태민
300,남도은
301,박해성
302,김도나
303,주지존
304,정다원
305,김면호
306,이민연
307,노승송
308,김유린
309,고준환
310,추가운
311,최현형
312,이민진
313,김동청
314,여은우
315,김균우
316,오예성
317,김현연
318,최성현
319,이이성
320,강다진
321,류민현
322,박지인
323,이병세
324,류세서
325,이승순
326,박하빈
327,김관진
328,김채빈
329,최지재
330,송지진
331,허동민
332,이소윤
333,서윤윤
334,김다진
335,오주현
336,최도소
337,정태민
338,김다민
339,강주진
340,구소진
341,박진현
342,임서라
343,변찬현
344,김지아
345,박호청
346,김미리
347,오전운
348,박민은
349,임조우
350,박윤인
351,이성훈
352,장승연
353,김현후
354,이지저
355,김낭진
356,한소연
357,김효삭
358,이연경
359,이동빈
360,임서저
361,이준환
362,김민희
363,김태준
364,최수진
365,김형환
366,박서호
367,주태희
368,이수인
369,이재석
370,신서린
371,박성기
372,홍주진
373,최봉규
374,손지라
375,박태희
376,김수윤
377,반현원
378,배유경
379,김훈민
380,서하진
381,박광관
382,김호소
383,박도영
384,이하저
385,신연훈
386,김지진
387,연요성
388,나유지
389,류태면
390,강윤지
391,배조익
392,양주수
393,최동호
394,양서희
395,이기규
396,윤민연
397,손재구
398,김보은
399,오영민
400,이미은
401,조병진
402,정채혜
403,임성운
404,함민연
405,안전연
406,진미나
407,이재석
408,김도영
409,마진석
410,이슨인
411,고동한
412,최윤인
413,한두석
414,황나은
415,조용현
416,김수은
417,차성형
418,김채주
419,서조성
420,최민연
421,정재규
422,이혜소
423,송태성
424,김민연
425,김병곤
426,황예연
427,강홍희
428,정조희
429,박연현
430,윤이빈
431,박희석
432,이재현
433,민동견
434,이재린
435,황동연
436,조유연
437,이형모
438,노유연
439,최전환
440,박지민
441,김문성
442,강유경
443,이규현
444,이나원
445,임유후
446,이소빈
447,김정현
448,최혜안
449,남항운
450,박민재
451,박재석
452,김하현
453,장현우
454,하수은
455,이홍석
456,노소인
457,송상균
458,함희은
459,최요호
460,백나연
461,김재인
462,이유원
463,이진현
464,최유민
465,조동운
466,지다빈
467,홍병인
468,김혜윤
469,현겅현
470,이예연
471,김영주
472,이승현
473,이동민
474,차저진
475,김현균
476,방태경
477,송홍긴
478,정은주
479,조성청
480,이보린
481,노준원
482,김혜준
483,조병형
484,이세연
485,육민순
486,이수연
487,강민락
488,이아주
489,장민빈
490,김나저
491,송찬현
492,김초연
493,이대준
494,김희저
495,송성준
496,정가지
497,홍경환
498,최윤이
499,손재석
500,신예원
501,강강빈
502,지보련
503,조민우
504,진지연
505,김영우
506,박예진
507,권상유
508,김다윤
509,김준운
510,조유아
511,이운환
512,조보리
513,윤춘환
514,안지린
515,안승형
516,이유은
517,한성진
518,박서주
519,소진윤
520,조수저
521,김준우
522,정소희
523,김진주
524,최모빈
525,김진환
526,박혜전
527,장태진
528,김승서
529,이벙수
530,권예아
531,우인구
532,김지영
533,박준찬
534,최서빈
535,박진권
536,손서원
537,양지혁
538,최현채
539,백동한
540,곽서원
541,김준태
542,김주연
543,유세번
544,김연민
545,김성수
546,권예시
547,차민훈
548,김수원
549,김주고
550,이지빈
551,한민현
552,김지연
553,박견유
554,박시경
555,이저현
556,김예연
557,이재형
558,이지진
559,정준찬
560,박유연
561,박견구
562,김나지
563,정재민
564,김세진
565,도창현
566,백세련
567,홍유찬
568,안은원
569,원겨성
570,장민연
571,김경수
572,문우진
573,하형란
574,이희은
575,고승준
576,이수원
577,양승환
578,한지연
579,이상운
580,이시형
581,박낭성
582,주민연
583,심균우
584,백나솔
585,김경준
586,고은하
587,이승서
588,정은솔
589,서영현
590,유유나
591,김인호
592,김여민
593,장세현
594,강다서
595,류관재
596,안주늘
597,배긴배
598,안주현
599,이오제
600,박예진
601,이태빈
602,이수현
603,임성태
604,김주서
605,최장주
606,홍다진
607,김조현
608,이도예
609,신현현
610,강주주
611,이경수
612,김연경
613,정형태
614,박보서
615,왕헝섭
616,김주경
617,곽준운
618,강소연
619,김친호
620,이저지
621,이유웅
622,정서림
623,송대찬
624,정나윤
625,정형훈
626,정슨연
627,조경성
628,김민혜
629,김진래
630,여유희
631,김상환
632,전지연
633,박원운
634,서예은
635,조상훈
636,김서희
637,김조현
638,김세현
639,김도영
640,전유민
641,권영현
642,김지은
643,박성견
644,이어연
645,허민환
646,김유린
647,최홍해
648,박혜민
649,이동환
650,김예서
651,김규란
652,박주민
653,장언성
654,윤유빈
655,한창한
656,조저은
657,이현재
658,김유미
659,신의현
660,이민선
661,김재현
662,심승연
663,원형성
664,윤지현
665,진경운
666,김유현
667,인성환
668,임수연
669,신유리
670,조차희
671,오진영
672,안보경
673,이영역
674,김민영
675,정거연
676,이서주
677,김유의
678,곽승람
679,장창선
680,권민빈
681,박성균
682,원서은
683,김용균
684,한나련
685,임지수
686,김혜진
687,진지석
688,조수수
689,김주훅
690,최다연
691,김영은
692,김시예
693,김동모
694,한민은
695,정청소
696,이지도
697,이신서
698,권서희
699,최지준
700,한저주
701,강재운
702,김소영
703,문재호
704,정지민
705,박현환
706,김세진
707,이승환
708,안혜진
709,강숭현
710,최긍솔
711,강상성
712,최재연
713,조성호
714,권저은
715,황성식
716,김고진
717,이광천
718,이지민
719,이상규
720,정지정
721,이규훈
722,김수연
723,김승연
724,유규저
725,노용번
726,윤다련
727,임면현
728,이수희
729,박경민
730,이민서
731,김상준
732,최주나
733,이재연
734,박진저
735,조주운
736,이서현
737,조창한
738,김지윤
739,허승원
740,최희민
741,김재희
742,권수은
743,안찬재
744,한미빈
745,성조석
746,황하연
747,장시영
748,우유연
749,장호성
750,허수영
751,배정훈
752,이민열
753,서우윤
754,김지주
755,배민하
756,고지은
757,김윤원
758,한연민
759,정주민
760,강서서
761,박원요
762,김서리
763,백대현
764,박희연
765,김동준
766,김유빈
767,김윤은
768,최주현
769,김연우
770,김수빈
771,안민유
772,권리원
773,김두현
774,이무진
775,이성준
776,김소희
777,안동현
778,김민연
779,이희수
780,최지늘
781,유지은
782,민수서
783,김성순
784,김세민
785,박동숙
786,이소은
787,이진진
788,신다윤
789,이진환
790,김예저
791,황동희
792,김가혜
793,김지청
794,박의원
795,조현사
796,한수현
797,설요선
798,이지우
799,김동호
800,최주린
801,이종환
802,고나효
803,이진제
804,안혜희
805,조병호
806,정수연
807,김재주
808,안수원
809,김주현
810,정지민
811,박간원
812,양채희
813,임왕성
814,강소연
815,주응신
816,김희주
817,김도도
818,김소연
819,김진원
820,이서현
821,최진성
822,박유경
823,박영연
824,김벼현
825,변도민
826,김지민
827,박동형
828,문세연
829,이현진
830,정서연
831,조현학
832,김유은
833,주현우
834,정지민
835,김준현
836,최태저
837,박진준
838,조다민
839,오경유
840,김지연
841,이승영
842,김주은
843,오용후
844,이서혜
845,진재준
846,강연경
847,이조현
848,조서연
849,정응준
850,서민아
851,정민현
852,김미우
853,신영수
854,이윤영
855,이윤성
856,정재예
857,편성희
858,이수린
859,이병혁
860,성보주
861,김희견
862,이나주
863,김재성
864,김자현
865,김성민
866,우유현
867,이성군
868,홍은경
869,김시선
870,박도원
871,배홍섭
872,김소원
873,이지현
874,고서솔
875,김선성
876,여주지
877,유유준
878,정오민
879,이옹영
880,정수린
881,이현관
882,박예저
883,조숭훈
884,박도견
885,이세환
886,백어윤
887,오지사
888,김혜주
889,윤친호
890,박나빈
891,천창영
892,민소연
893,박재우
894,김민희
895,이구유
896,이서민
897,최성현
898,김가연
899,고광석
900,김소아
901,지경주
902,장긍서
903,정준빈
904,김다빈
905,장청진
906,이가현
907,김혜운
908,차혜원
909,신미원
910,박아린
911,김산요
912,유유서
913,김성준
914,신하민
915,임순우
916,김유윤
917,김동민
918,정하은
919,박훈우
920,신다현
921,조재우
922,김서연
923,최운호
924,오서진
925,이재원
926,홍도주
927,김견근
928,김혜민
929,박우원
930,홍채림
931,최재현
932,김보은
933,김재현
934,이시연
935,김영청
936,박지연
937,박대재
938,주민은
939,최찬희
940,손은민
941,유원석
942,이민화
943,신동희
944,정서윤
945,정환훈
946,최나연
947,최성준
948,김유주
949,정강호
950,신연영
951,김재현
952,박은민
953,김찬훈
954,김지빈
955,이성현
956,박서윤
957,김태유
958,김수안
959,한원숙
960,김세솔
961,김윤석
962,황소안
963,이준탁
964,신세견
965,박준용
966,김의나
967,강연용
968,황수주
969,황운소
970,조혜서
971,이유호
972,배혜현
973,김창필
974,김주나
975,장광순
976,김지경
977,이동원
978,박민진
979,서경현
980,이세윤
981,정성원
982,이다은
983,유성환
984,최수희
985,윤조원
986,안슨현
987,박지유
988,최다연
989,김성현
990,김지연
991,심동운
992,김혀서
993,이동원
994,장유서
995,황준평
996,박시주
997,김승찬
998,유가영
999,박기석
1000,서지영
1001,김종연
1002,한주연
1003,신주빈
1004,유유연
1005,곽웅긴
1006,이유경
1007,김형원
1008,강지연
1009,이우인
1010,김현연
1011,오원존
1012,곽지연
1013,황성희
1014,김도진
1015,윤용훈
1016,백사하
1017,주윤조
1018,이슨빈
1019,임정현
1020,정다리
1021,김원규
1022,이도화
1023,박상재
1024,이미수
1025,임동현
1026,박응혜
1027,천민석
1028,박은연
1029,박경견
1030,윤재지
1031,전태재
1032,김유주
1033,장현유
1034,안간진
1035,성정운
1036,최하하
1037,나영재
1038,김미연
1039,나견삭
1040,성주현
1041,최민유
1042,박소현
1043,신민오
1044,박민윤
1045,오승환
1046,장가연
1047,이인요
1048,김수연
1049,고윤호
1050,김지은
1051,이재재
1052,류주서
1053,심현연
1054,이채빈
1055,박채래
1056,김승민
1057,김병현
1058,최지은
1059,정항진
1060,조수민
1061,정준운
1062,황민원
1063,최경숙
1064,우지나
1065,정유환
1066,김민저
1067,이희민
1068,양서빈
1069,최창영
1070,김연은
1071,김재석
1072,이예연
1073,이종석
1074,김안원
1075,김진훈
1076,이수희
1077,소홍운
1078,박유연
1079,곽재진
1080,차연연
1081,박지회
1082,최수지
1083,윤희수
1084,연근린
1085,박정규
1086,유혜리
1087,백성호
1088,유도안
1089,최정호
1090,김효민
1091,양홍선
1092,정서나
1093,홍승진
1094,이윤재
1095,한견균
1096,육지연
1097,김준긴
1098,김예연
1099,정진영
1100,박은저
1101,문정준
1102,이채인
1103,강명삭
1104,이지주
1105,고승준
1106,이지수
1107,이한굥
1108,권지나
1109,김용영
1110,김채연
1111,김준원
1112,명수진
1113,성겅현
1114,오자인
1115,김요주
1116,채서현
1117,이희우
1118,정시연
1119,김성영
1120,이민윤
1121,김진현
1122,장현연
1123,이당연
1124,이이혜
1125,박주한
1126,채다린
1127,손성현
1128,석수빈
1129,홍성찬
1130,김혜민
1131,김이우
1132,김유인
1133,신정신
1134,박채은
1135,임동호
1136,황은아
1137,김승석
1138,안나은
1139,박민현
1140,정하한
1141,강우산
1142,박지원
1143,권윤연
1144,이나원
1145,강덩재
1146,김유연
1147,허긴원
1148,이혜저
1149,김당긴
1150,전세나
1151,이희형
1152,한지재
1153,권성민
1154,김지은
1155,김인용
1156,박우원
1157,김숭준
1158,배지안
1159,권용현
1160,정민주
1161,이창석
1162,이혜주
1163,윤주영
1164,이나현
1165,박형조
1166,권지현
1167,김진덩
1168,이수아
1169,배현찬
1170,박혜은
1171,남긴성
1172,이미원
1173,김정성
1174,이지은
1175,방명원
1176,성지재
1177,임민유
1178,오다민
1179,이윤현
1180,노주린
1181,김성운
1182,최미민
1183,홍숭민
1184,홍채희
1185,김현혁
1186,최다윤
1187,황병우
1188,이시은
1189,임영속
1190,김주서
1191,최주슨
1192,이서희
1193,김재숙
1194,최세현
1195,지진훈
1196,윤최은
1197,홍형훈
1198,이시서
1199,차준규
1200,김어영
1201,오긴원
1202,지자지
1203,김요규
1204,윤지연
1205,황경조
1206,유유주
1207,윤횽대
1208,김미서
1209,김필우
1210,조시현
1211,윤세인
1212,이소원
1213,김정연
1214,이미원
1215,조강준
1216,문소지
1217,강운주
1218,채승안
1219,황준호
1220,윤주원
1221,임재현
1222,김다빈
1223,은면환
1224,박슨나
1225,황관규
1226,정지민
1227,이운현
1228,이주연
1229,이진원
1230,안은윤
1231,이긴균
1232,이유은
1233,이긴효
1234,임성원
1235,이영효
1236,김은원
1237,우간하
1238,최도희
1239,박한완
1240,한주은
1241,신태석
1242,손지나
1243,최진군
1244,이보견
1245,김원주
1246,고주진
1247,김승찬
1248,김미하
1249,고희후
1250,김지현
1251,김병운
1252,최지원
1253,정병위
1254,박저정
1255,김운주
1256,박희진
1257,제현준
1258,고인희
1259,김하규
1260,왕저은
1261,조동진
1262,진혜진
1263,김저호
1264,김예연
1265,한경횽
1266,강하진
1267,정창긴
1268,박지빈
1269,김채타
1270,박도연
1271,이주현
1272,박다진
1273,육순규
1274,이보영
1275,이성우
1276,한유연
1277,손승관
1278,박사영
1279,김지혼
1280,이서연
1281,이운현
1282,홍희연
1283,박영연
1284,이지경
1285,주재근
1286,박지원
1287,이벙진
1288,신현이
1289,김승만
1290,김서연
1291,양재민
1292,황소현
1293,윤영긴
1294,권주연
1295,김성현
1296,김하연
1297,오하진
1298,성혜연
1299,이종재
1300,박지현
1301,오동주
1302,서시영
1303,안진희
1304,김지지
1305,송대긴
1306,이유연
1307,이상운
1308,김사현
1309,김주현
1310,황시희
1311,한주현
1312,엄수현
1313,김정후
1314,한은민
1315,박당석
1316,배예은
1317,박조현
1318,변미진
1319,이면욱
1320,안수희
1321,신주진
1322,남주정
1323,이동사
1324,소지민
1325,한병환
1326,김지은
1327,허민한
1328,이나현
1329,강연성
1330,이지연
1331,김숭기
1332,김나현
1333,한성혼
1334,강민서
1335,박호주
1336,최사현
1337,전상엉
1338,박리은
1339,박주후
1340,김수빈
1341,최예현
1342,정예원
1343,류민횽
1344,박세연
1345,김찬찬
1346,이소경
1347,정창현
1348,최가현
1349,오문운
1350,임다지
1351,김종선
1352,서채린
1353,조혜호
1354,황혜민
1355,이유성
1356,이보연
1357,임회현
1358,송은연
1359,김재건
1360,김지연
1361,이진규
1362,신은애
1363,손용준
1364,원주현
1365,이민현
1366,이미연
1367,최수현
1368,최슨민
1369,공대준
1370,국주원
1371,박경현
1372,장현민
1373,신민현
1374,김연주
1375,정재승
1376,이세서
1377,유우건
1378,정서련
1379,박사영
1380,염유서
1381,한재삭
1382,송지혜
1383,홍영환
1384,배수은
1385,오광긴
1386,황다서
1387,박전조
1388,이규안
1389,김겅원
1390,최수진
1391,이주훈
1392,진채원
1393,이덩빈
1394,김다은
1395,주민연
1396,강소연
1397,신희빈
1398,정민나
1399,윤지형
1400,이주예
1401,김태조
1402,김서인
1403,공승현
1404,김지윤
1405,권세선
1406,박예지
1407,손준석
1408,김서서
1409,권동현
1410,최서경
1411,김형우
1412,김연진
1413,문민준
1414,김하리
1415,안전균
1416,이혜연
1417,박진연
1418,강서지
1419,임민주
1420,김다빈
1421,노견지
1422,변다아
1423,윤종찬
1424,권보은
1425,송주준
1426,김재서
1427,류성운
1428,채아현
1429,박성오
1430,송유연
1431,반준현
1432,이주저
1433,김준형
1434,김지민
1435,김태운
1436,박다경
1437,이민운
1438,안다아
1439,장재훈
1440,박소재
1441,이성민
1442,명연원
1443,황재현
1444,김수린
1445,박태규
1446,전태원
1447,박상성
1448,김연린
1449,박재민
1450,정시민
1451,조진찬
1452,심무현
1453,이민재
1454,안민채
1455,오재현
1456,문희연
1457,은당진
1458,금유라
1459,고한영
1460,김지주
1461,황제운
1462,윤수경
1463,임정근
1464,김시연
1465,김주영
1466,배예은
1467,권태성
1468,원혜원
1469,김재석
1470,황소경
1471,손의오
1472,여주민
1473,박지석
1474,김유란
1475,서정고
1476,김보연
1477,이동석
1478,안혜희
1479,김성우
1480,박재지
1481,김현현
1482,이새서
1483,이성현
1484,황지윤
1485,심재운
1486,김유은
1487,정민후
1488,고고인
1489,안태긴
1490,박유영
1491,양용성
1492,배미연
1493,서연우
1494,장지연
1495,조희원
1496,장지은
1497,신승한
1498,윤예저
1499,이진현
1500,김저지
1501,최성주
1502,김최희
1503,전동형
1504,연서령
1505,송진준
1506,문민현
1507,김종준
1508,이유은
1509,우성찬
1510,박효선
1511,이조민
1512,남유현
1513,손동석
1514,박지서
1515,박준규
1516,최예은
1517,김진한
1518,김수서
1519,신동웅
1520,송연영
1521,박창윤
1522,김서지
1523,박관번
1524,이윤연
1525,박선관
1526,이다경
1527,김재원
1528,주규현
1529,김연구
1530,박현연
1531,손주규
1532,김하주
1533,민승주
1534,김민원
1535,이진훈
1536,박혜소
1537,김재운
1538,박윤은
1539,심경역
1540,임민서
1541,김승우
1542,한유현
1543,김준운
1544,윤세서
1545,오긍석
1546,이슨은
1547,김조호
1548,이지진
1549,임성준
1550,이예연
1551,안우완
1552,백윤민
1553,정항윤
1554,강민원
1555,류민용
1556,조수연
1557,박태성
1558,문하어
1559,임상수
1560,안주현
1561,성병호
1562,김서주
1563,박성민
1564,전저연
1565,김상석
1566,정혜진
1567,박용운
1568,이서지
1569,전영규
1570,이지은
1571,이용민
1572,오은지
1573,김정준
1574,박은우
1575,백승펼
1576,김서현
1577,김승우
1578,민혜진
1579,최윤훈
1580,안은인
1581,이차라
1582,박태현
1583,김성호
1584,조시원
1585,박윤수
1586,손민다
1587,김제숙
1588,오주진
1589,김주원
1590,이주희
1591,이재홍
1592,윤은예
1593,오동운
1594,오하른
1595,장성석
1596,서어서
1597,김진윤
1598,이유원
1599,김민재
1600,박수안
1601,김승운
1602,유연은
1603,김지현
1604,지서영
1605,김창인
1606,심민연
1607,문성원
1608,오가연
1609,신우천
1610,박수윤
1611,진상훈
1612,황세인
1613,이용현
1614,황진영
1615,안진민
1616,이유영
1617,김존릭
1618,김민민
1619,이찬연
1620,정지진
1621,곽효민
1622,김다주
1623,임승진
1624,김지원
1625,권홍성
1626,김시빈
1627,권당석
1628,김승주
1629,하양찬
1630,이서연
1631,변낙영
1632,원주원
1633,최세도
1634,서주운
1635,김경우
1636,구시서
1637,김성석
1638,김민은
1639,민진혼
1640,김지연
1641,박승영
1642,김소연
1643,양재현
1644,문서현
1645,최진욱
1646,왕아지
1647,박재균
1648,이지희
1649,박상신
1650,유주경
1651,김희권
1652,민수현
1653,정민수
1654,최하수
1655,권혜수
1656,조재수
1657,강성기
1658,한지늘
1659,유동진
1660,최민은
1661,서성준
1662,정보나
1663,김영후
1664,조수희
1665,김조호
1666,정혜은
1667,김영인
1668,정민주
1669,장형민
1670,이유영
1671,박원성
1672,강민아
1673,김현원
1674,윤지은
1675,박상운
1676,강윤윤
1677,이태전
1678,박보진
1679,김용연
1680,김예연
1681,구성용
1682,신유원
1683,김용균
1684,유유늘
1685,유봉오
1686,김민서
1687,강전운
1688,우나현
1689,조성구
1690,정사연
1691,김지배
1692,신민은
1693,최정유
1694,엄수연
1695,김승천
1696,강아은
1697,신세진
1698,정소영
1699,안범운
1700,이윤빈
1701,민창석
1702,김소원
1703,이제현
1704,윤혜지
1705,류희헌
1706,장미진
1707,박승오
1708,임연윤
1709,고영린
1710,한소은
1711,이승우
1712,장하린
1713,염헝현
1714,이채윤
1715,정성준
1716,엄태린
1717,최재찬
1718,박유경
1719,윤태석
1720,김소현
1721,김경주
1722,김혜이
1723,한정관
1724,최지현
1725,이면환
1726,구유민
1727,고원진
1728,김소시
1729,서성운
1730,임혜진
1731,조진진
1732,이다린
1733,홍전능
1734,서예연
1735,이희호
1736,한수현
1737,조재용
1738,서서희
1739,이세규
1740,박희연
1741,김준호
1742,정규저
1743,노수진
1744,김시재
1745,박동연
1746,이수주
1747,심준숙
1748,조소서
1749,정형현
1750,김하희
1751,김종원
1752,조하민
1753,김주현
1754,강주연
1755,박전운
1756,김미진
1757,김정우
1758,박가은
1759,구이완
1760,구민연
1761,맹동후
1762,정희원
1763,장병진
1764,박다채
1765,오동엽
1766,김수경
1767,정전용
1768,권수현
1769,김형웅
1770,박가인
1771,권성원
1772,최수희
1773,정회사
1774,이가연
1775,김헝후
1776,성유윤
1777,박병재
1778,이유서
1779,이도견
1780,박주연
1781,유찬상
1782,권아주
1783,정성환
1784,연은빈
1785,조훈운
1786,이하도
1787,오윤성
1788,함소저
1789,최규현
1790,권수겅
1791,오준번
1792,김도긴
1793,황정형
1794,김유윤
1795,이용재
1796,김인수
1797,김대석
1798,박다서
1799,김재환
1800,박윤연
1801,전긴수
1802,김시현
1803,정종운
1804,김수경
1805,이면현
1806,이다진
1807,남세헝
1808,김차연
1809,이성유
1810,박희연
1811,윤병현
1812,안가주
1813,윤형호
1814,박다서
1815,최한규
1816,박다혜
1817,김정환
1818,유예은
1819,김시긴
1820,송은정
1821,김영현
1822,김다민
1823,박동빈
1824,송하빈
1825,박주상
1826,박민경
1827,유대철
1828,장휘혜
1829,임성호
1830,이의은
1831,김재수
1832,이혜지
1833,최형석
1834,이지현
1835,고전연
1836,이주영
1837,임민호
1838,김유안
1839,이해번
1840,임서연
1841,이창빈
1842,이예은
1843,박홍연
1844,연예혜
1845,윤성윤
1846,홍소수
1847,김준현
1848,박서인
1849,김지현
1850,박채진
1851,김종진
1852,이하주
1853,강태주
1854,김호연
1855,이희신
1856,송유연
1857,김예성
1858,변모원
1859,주규호
1860,김유정
1861,박주민
1862,조예주
1863,김환우
1864,오수린
1865,마재수
1866,박승현
1867,이긍준
1868,김예린
1869,김대태
1870,이윤현
1871,김동재
1872,김소현
1873,주동현
1874,탁다현
1875,이상환
1876,노차아
1877,권진준
1878,김소른
1879,김운근
1880,양수희
1881,오진찬
1882,이고연
1883,이견현
1884,김민준
1885,서형이
1886,정호민
1887,임성준
1888,방애진
1889,박창윤
1890,김다라
1891,장민석
1892,김사연
1893,최시운
1894,김예비
1895,서성현
1896,김소민
1897,안재운
1898,조지연
1899,이영규
1900,김시인
1901,박상훈
1902,최다원
1903,김지호
1904,배지윤
1905,박병원
1906,김예하
1907,엄정진
1908,유미빈
1909,최재민
1910,이의은
1911,남종규
1912,김수은
1913,이창민
1914,임서원
1915,강숭석
1916,심수혜
1917,박영상
1918,김연진
1919,송진현
1920,권유연
1921,손현번
1922,정지이
1923,김태현
1924,김민진
1925,김옹원
1926,최예진
1927,김창숙
1928,김현진
1929,황승환
1930,이예예
1931,강간환
1932,이지영
1933,박성현
1934,김지진
1935,유형형
1936,신미지
1937,배태우
1938,윤수나
1939,여항영
1940,이유원
1941,박송빈
1942,장저연
1943,정겅주
1944,민지희
1945,박형진
1946,황시연
1947,서현운
1948,이의은
1949,김세운
1950,김다연
1951,박대연
1952,노민연
1953,안정석
1954,장지양
1955,류승훈
1956,오호경
1957,한성우
1958,박시민
1959,정주우
1960,최가연
1961,문주사
1962,최유연
1963,김전훈
1964,김효인
1965,정형규
1966,이지은
1967,조재웅
1968,최은진
1969,최현수
1970,이다희
1971,김성환
1972,반소지
1973,김상민
1974,손저연
1975,홍찬현
1976,황소연
1977,기성희
1978,권소현
1979,박간영
1980,오유인
1981,임덩영
1982,정예연
1983,김병빈
1984,권세린
1985,하민조
1986,이무원
1987,전경순
1988,박다원
1989,오연현
1990,최소연
1991,양면준
1992,이유전
1993,한연원
1994,문은은
1995,추진헉
1996,박가현
1997,이영원
1998,고현혜
1999,김천요
2000,김다경
2001,김민환
2002,최서련
2003,김용요
2004,오효연
2005,정지민
2006,임승현
2007,이준면
2008,안지아
2009,최성윤
2010,김지연
2011,송겅연
2012,윤윤현
2013,안민운
2014,김지희
2015,조재홍
2016,장민연
2017,임현균
2018,김주연
2019,오재한
2020,김세서
2021,지재현
2022,이저민
2023,김세누
2024,최초인
2025,양창익
2026,박민진
2027,김현빅
2028,김보지
2029,조성호
2030,김민연
2031,김성혁
2032,강보주
2033,김순한
2034,이예민
2035,이한민
2036,이재영
2037,손성면
2038,윤희지
2039,문원성
2040,정서연
2041,조정석
2042,김민영
2043,홍성호
2044,박채연
2045,최승연
2046,황승지
2047,박성준
2048,추소윤
2049,심현민
2050,고소희
2051,최한요
2052,김희원
2053,송승현
2054,양예은
2055,손인현
2056,정주연
2057,지형민
2058,이소연
2059,김영호
2060,성서연
2061,김현고
2062,김수인
2063,하태용
2064,유소영
2065,김인훈
2066,김보서
2067,신영형
2068,임호언
2069,문동현
2070,문유은
2071,김명영
2072,문윤경
2073,송태긴
2074,강연연
2075,강우석
2076,임혜윤
2077,김훈린
2078,김민진
2079,손전우
2080,정미현
2081,김주삭
2082,이가원
2083,한대민
2084,최휘린
2085,김춘성
2086,전채서
2087,양유한
2088,김민수
2089,이진현
2090,양소주
2091,이응범
2092,신민현
2093,김민현
2094,남다은
2095,김건긴
2096,이수주
2097,김재욱
2098,이아린
2099,강민인
2100,김수영
2101,박홍운
2102,이의혜
2103,신병조
2104,정저원
2105,김효영
2106,김수은
2107,유준석
2108,박태진
2109,정연연
2110,설윤현
2111,백재간
2112,이다연
2113,서요현
2114,이은인
2115,김동우
2116,안은준
2117,길긍민
2118,박혜연
2119,박예호
2120,이세현
2121,안민민
2122,권유화
2123,강병시
2124,이유연
2125,김태민
2126,김지비
2127,홍재운
2128,이호희
2129,이민운
2130,장지윤
2131,고동민
2132,이지저
2133,노민근
2134,전채은
2135,양진천
2136,이채인
2137,유다문
2138,조시아
2139,이준연
2140,안지연
2141,권가석
2142,박태경
2143,공수성
2144,이다연
2145,인수민
2146,이새연
2147,최민진
2148,최연린
2149,정태문
2150,김주경
2151,김승번
2152,이근연
2153,김면균
2154,박예영
2155,이진현
2156,문혜은
2157,김진운
2158,이태민
2159,김동민
2160,우윤연
2161,김양한
2162,전리림
2163,송경성
2164,이유희
2165,유변상
2166,전소은
2167,김항준
2168,이수수
2169,임태후
2170,박지빈
2171,이정민
2172,박유원
2173,김원운
2174,박수하
2175,강재운
2176,우수다
2177,전민현
2178,김가희
2179,김성카
2180,이지은
2181,김노윤
2182,우서인
2183,정승규
2184,박연진
2185,성지호
2186,박민주
2187,정항호
2188,홍지혜
2189,김상검
2190,정지은
2191,이나성
2192,유주인
2193,김홍빈
2194,박혜지
2195,이지연
2196,장도경
2197,김유민
2198,최초희
2199,하성탁
2200,이슨현
2201,박정재
2202,김채희
2203,이연현
2204,정수린
2205,정성후
2206,김윤저
2207,백홍원
2208,이유희
2209,유원환
2210,박서린
2211,김수원
2212,김예린
2213,이수현
2214,정혀아
2215,박슨희
2216,마처희
2217,장재인
2218,김하윤
2219,조지은
2220,도지희
2221,박태신
2222,이소원
2223,왕민재
2224,허윤민
2225,김재교
2226,도서연
2227,김진민
2228,정채민
2229,이주재
2230,제서현
2231,김현균
2232,조혜어
2233,홍영준
2234,김지연
2235,고준민
2236,신해빈
2237,이성규
2238,이승연
2239,방상혁
2240,김서현
2241,권은응
2242,이연재
2243,박재준
2244,정연연
2245,권태연
2246,신혜윤
2247,신성규
2248,정민인
2249,윤종환
2250,임지린
2251,박준연
2252,박어연
2253,이재진
2254,윤해윤
2255,최용서
2256,성도주
2257,주현규
2258,원지윤
2259,이희현
2260,홍서민
2261,박상연
2262,김연나
2263,서민성
2264,강규빈
2265,김회현
2266,이소희
2267,전영청
2268,유태주
2269,박인성
2270,오윤경
2271,채현현
2272,최예현
2273,배동조
2274,박고은
2275,한주우
2276,황지래
2277,유인재
2278,이미은
2279,이종시
2280,조수나
2281,채형현
2282,강규희
2283,조민민
2284,장수현
2285,고항유
2286,조세시
2287,박정희
2288,김사인
2289,이균원
2290,양소연
2291,안사혁
2292,조저현
2293,김주환
2294,정이진
2295,박윤형
2296,김민민
2297,김현규
2298,김호빈
2299,이성조
2300,정유윤
2301,정성호
2302,이슨주
2303,조재형
2304,김유린
2305,강동연
2306,김차윤
2307,정사호
2308,이혜림
2309,이민민
2310,전시진
2311,김승희
2312,강은수
2313,김호천
2314,정예운
2315,남태현
2316,강윤연
2317,이상현
2318,심서현
2319,김상현
2320,박수은
2321,최준윤
2322,조현시
2323,조하준
2324,이유린
2325,김천삭
2326,조유빈
2327,신준현
2328,황유민
2329,권동훈
2330,정도은
2331,김현천
2332,박유저
2333,김준산
2334,황소연
2335,남현석
2336,홍다주
2337,이강후
2338,조지현
2339,홍동연
2340,정현하
2341,김성규
2342,유채현
2343,성원주
2344,정윤희
2345,신대홍
2346,김유아
2347,임벙민
2348,김은연
2349,이민희
2350,박채윤
2351,오재재
2352,최가저
2353,이병태
2354,한예리
2355,김승진
2356,정시희
2357,김윤환
2358,권은진
2359,김동천
2360,박예은
2361,윤주환
2362,문연빈
2363,전승주
2364,정수윤
2365,이현재
2366,최유희
2367,정준연
2368,이소은
2369,홍성진
2370,나수현
2371,조석언
2372,오지윤
2373,박경호
2374,이연민
2375,김윤도
2376,하가현
2377,정현인
2378,권유인
2379,김민수
2380,박다지
2381,조성진
2382,김은원
2383,강조영
2384,강혜은
2385,권경원
2386,유보연
2387,박진주
2388,최도늘
2389,서성운
2390,고도서
2391,김강운
2392,강규라
2393,이휘한
2394,김주연
2395,최기력
2396,조다련
2397,나승준
2398,정은지
2399,이경원
2400,김혜린
2401,안형환
2402,이지연
2403,조당몬
2404,강주진
2405,박재민
2406,박소주
2407,박희훈
2408,이예주
2409,송한환
2410,고인리
2411,장영환
2412,오희지
2413,한민청
2414,신유아
2415,라진오
2416,나연지
2417,전재현
2418,강세연
2419,임상우
2420,황주효
2421,정재호
2422,이가희
2423,류유고
2424,이예수
2425,백종전
2426,김재연
2427,강종훈
2428,신지희
2429,정원훈
2430,전민서
2431,손긴원
2432,김예유
2433,박민유
2434,최호원
2435,공지현
2436,김지연
2437,김민환
2438,김수연
2439,서견운
2440,이미저
2441,조둥현
2442,서예빈
2443,조동류
2444,최저진
2445,이견우
2446,문민진
2447,주재태
2448,위보은
2449,이조철
2450,이서연
2451,한재인
2452,박혜연
2453,김재연
2454,양소연
2455,김지혁
2456,김저지
2457,박재완
2458,이윤진
2459,한유상
2460,고가연
2461,임균연
2462,김지경
2463,유한원
2464,김소원
2465,유상진
2466,김지진
2467,김민환
2468,엄시이
2469,조운진
2470,유미주
2471,김겅석
2472,김미혜
2473,허재순
2474,김사인
2475,김상원
2476,권유서
2477,이성인
2478,박성애
2479,김성희
2480,김유인
2481,변영석
2482,김소연
2483,김태헌
2484,문수연
2485,이긴삭
2486,이지윤
2487,우준석
2488,황다형
2489,박병수
2490,권지원
2491,강한군
2492,박수서
2493,이형현
2494,이윤린
2495,이긍성
2496,김유서
2497,박형우
2498,주채원
2499,김승희
2500,이지원
2501,손승천
2502,주수현
2503,김제형
2504,김나지
2505,전승찬
2506,김소경
2507,김청운
2508,이주은
2509,박영현
2510,김다은
2511,김승재
2512,육윤비
2513,노현석
2514,한태연
2515,이인겅
2516,김민현
2517,김지수
2518,강서현
2519,홍윤현
2520,임다주
2521,이성준
2522,김지인
2523,장운현
2524,김서진
2525,김원천
2526,윤혀주
2527,최상후
2528,김이수
2529,오진운
2530,김유영
2531,이기연
2532,현수은
2533,이제의
2534,이지은
2535,곽태진
2536,김소경
2537,김긍호
2538,서이우
2539,김성민
2540,이시은
2541,이민연
2542,백주연
2543,곽겅연
2544,이주민
2545,배진주
2546,염예린
2547,유경성
2548,양혜현
2549,장승원
2550,한지현
2551,조문린
2552,이이주
2553,최한석
2554,전다영
2555,김현초
2556,공유현
2557,이천인
2558,박혜연
2559,강재훈
2560,성혜주
2561,윤승진
2562,주민연
2563,임용몽
2564,손유라
2565,김동현
2566,이연민
2567,임성찬
2568,최현현
2569,황도석
2570,이도나
2571,최예호
2572,윤유연
2573,조준영
2574,이지지
2575,이상우
2576,정저윤
2577,이진주
2578,이은빈
2579,오건민
2580,김소서
2581,주성형
2582,문서희
2583,고전번
2584,박나지
2585,박성찬
2586,서예저
2587,이진영
2588,최의민
2589,이주원
2590,김예민
2591,이진현
2592,민서주
2593,최성석
2594,박민린
2595,김민원
2596,최지연
2597,심민석
2598,권연진
2599,이정혁
2600,김주린
2601,김윤원
2602,이하라
2603,장승준
2604,김예원
2605,이현용
2606,문수현
2607,정규해
2608,전세인
2609,민성긴
2610,김다진
2611,강운용
2612,장유은
2613,박한수
2614,임보진
2615,이형민
2616,최호원
2617,김정현
2618,한예진
2619,허주민
2620,김서전
2621,김재형
2622,최소혜
2623,장겅거
2624,한저연
2625,홍영환
2626,모규지
2627,김덕용
2628,서재우
2629,서원호
2630,곽하민
2631,임진혼
2632,황효린
2633,문원준
2634,강예원
2635,백예천
2636,박소현
2637,유겅영
2638,박지빈
2639,김횽조
2640,최유빈
2641,이한규
2642,신미원
2643,최요후
2644,박태진
2645,민상범
2646,김보원
2647,손성현
2648,이하현
2649,정진긴
2650,임서연
2651,박도표
2652,정민원
2653,정태운
2654,김미연
2655,최영현
2656,진은은
2657,이관사
2658,정지윤
2659,김민운
2660,하지진
2661,최성영
2662,김도서
2663,구현원
2664,조민연
2665,양현재
2666,김소은
2667,정희진
2668,박지서
2669,임준형
2670,오서빈
2671,진산현
2672,박다희
2673,손창후
2674,강지서
2675,김지대
2676,노저연
2677,김승인
2678,지하진
2679,신준준
2680,이민은
2681,김민현
2682,최채영
2683,박연원
2684,오수진
2685,김준성
2686,윤지윤
2687,오성용
2688,윤이경
2689,지준훈
2690,김세주
2691,박근운
2692,최지현
2693,박홍호
2694,이채연
2695,이횽욱
2696,박이민
2697,양승현
2698,박수민
2699,김관운
2700,신서수
2701,정기현
2702,김수연
2703,김민진
2704,신지솔
2705,심승제
2706,주다은
2707,배관현
2708,김지원
2709,양민원
2710,정지주
2711,이조우
2712,서서현
2713,고병휘
2714,문나연
2715,김윤인
2716,임지서
2717,위종연
2718,남아안
2719,김찬용
2720,변수연
2721,이태석
2722,오다라
2723,김겅구
2724,김지민
2725,김영석
2726,임가인
2727,이지훈
2728,원도연
2729,정승빈
2730,김수은
2731,채지긴
2732,한지인
2733,이태우
2734,윤도연
2735,이창운
2736,김초현
2737,김사균
2738,우서윤
2739,조환재
2740,신세서
2741,최민구
2742,정아현
2743,송재성
2744,임서우
2745,강창석
2746,서새지
2747,이태윤
2748,서저연
2749,이순찬
2750,주은연
2751,전형빈
2752,윤저주
2753,김진완
2754,강지저
2755,김지견
2756,이혜원
2757,주윤수
2758,김지현
2759,박성현
2760,강보빈
2761,이동혁
2762,설예경
2763,이진운
2764,최근현
2765,권당순
2766,송하은
2767,박슨수
2768,정의서
2769,남성주
2770,박최연
2771,김상찬
2772,전다은
2773,홍재수
2774,조서현
2775,김지영
2776,최예주
2777,장형환
2778,전지윤
2779,한대현
2780,신도연
2781,이민역
2782,송소서
2783,박준규
2784,이은원
2785,강민섭
2786,안채연
2787,문형연
2788,정예예
2789,신태운
2790,조지희
2791,김이연
2792,조지연
2793,김상규
2794,김예인
2795,김전희
2796,허희영
2797,박재희
2798,민예희
2799,권용현
2800,이민연
2801,박성희
2802,이희안
2803,김이현
2804,유서연
2805,김현호
2806,고윤현
2807,한준명
2808,박서린
2809,최찬준
2810,박저빈
2811,이재미
2812,이슨연
2813,한형성
2814,조저연
2815,최간우
2816,이예민
2817,고성균
2818,윤소라
2819,하진석
2820,주현서
2821,조동진
2822,김수라
2823,김성준
2824,김차민
2825,서정운
2826,조서진
2827,이영완
2828,김아원
2829,전진준
2830,이채빈
2831,김형훈
2832,이은은
2833,윤상신
2834,정재빈
2835,남덩신
2836,김민연
2837,이형현
2838,최해빈
2839,최성현
2840,유유연
2841,김재규
2842,오민라
2843,나형성
2844,박현진
2845,김민민
2846,신희원
2847,송경영
2848,김지나
2849,김지우
2850,최민주
2851,윤동연
2852,하이인
2853,이한조
2854,이은은
2855,이대수
2856,이다현
2857,이청종
2858,김희수
2859,최정현
2860,윤새은
2861,심현연
2862,박지현
2863,박진재
2864,정주희
2865,김세준
2866,우민연
2867,장춘우
2868,최소진
2869,이성환
2870,김수연
2871,김진상
2872,서수연
2873,김주희
2874,윤재윤
2875,박대석
2876,라서서
2877,김한희
2878,정이인
2879,이승후
2880,최예연
2881,윤성연
2882,최혀현
2883,곽대석
2884,박근윤
2885,김태헌
2886,권다은
2887,김예준
2888,조윤연
2889,신동호
2890,신해인
2891,임동주
2892,유지민
2893,김성산
2894,김수운
2895,김종규
2896,김보연
2897,김춘준
2898,이지빈
2899,최민민
2900,손서경
2901,김영준
2902,정아예
2903,강재석
2904,원수현
2905,이서현
2906,권고연
2907,김홍성
2908,유민현
2909,이태빈
2910,정다현
2911,이민래
2912,장겨서
2913,김황천
2914,주미은
2915,강승호
2916,김혜희
2917,김우주
2918,박소수
2919,이민준
2920,장도린
2921,이지욱
2922,김지진
2923,김병환
2924,한하진
2925,박병규
2926,오규정
2927,이주연
2928,조예연
2929,도영연
2930,한서린
2931,최준훈
2932,김근나
2933,윤태준
2934,이유나
2935,김동서
2936,이민경
2937,신현현
2938,조미현
2939,황현인
2940,차미주
2941,송면운
2942,박주연
2943,백선현
2944,김소지
2945,황벙천
2946,최연은
2947,조순후
2948,박주서
2949,윤준찬
2950,황지주
2951,박상현
2952,조주연
2953,박상현
2954,황혜은
2955,박관운
2956,송수나
2957,권지성
2958,이연경
2959,장재석
2960,이민진
2961,임주찬
2962,안수나
2963,안긍찬
2964,이승앙
2965,장경석
2966,권지애
2967,조세희
2968,윤수연
2969,정호세
2970,오아경
2971,임성연
2972,임지연
2973,김홍성
2974,윤유은
2975,문평현
2976,길현진
2977,송민주
2978,이주빈
2979,이조호
2980,변희저
2981,이승영
2982,박차안
2983,박민준
2984,권지진
2985,정유형
2986,현고현
2987,이상혼
2988,최서원
2989,박홍우
2990,최혜윤
2991,진주환
2992,양혜서
2993,정운형
2994,전지연
2995,박의원
2996,김주영
2997,송동성
2998,김연경
2999,김진원
3000,한지현
3001,이재재
3002,윤서채
3003,이인현
3004,조애현
3005,정봉현
3006,조혜연
3007,권찬석
3008,심수빈
3009,김의택
3010,김연민
3011,이승진
3012,권자은
3013,김승재
3014,이혜서
3015,이성환
3016,한지윤
3017,강민연
3018,이수연
3019,최응후
3020,이이지
3021,성주하
3022,김지우
3023,김연수
3024,임희다
3025,방요규
3026,손지연
3027,조태호
3028,김예주
3029,우횽청
3030,김저연
3031,조승훈
3032,김혜진
3033,최성현
3034,황하연
3035,유승영
3036,민시원
3037,홍성성
3038,황희서
3039,이해민
3040,김사경
3041,이승현
3042,이지민
3043,안용후
3044,신애나
3045,박현조
3046,박다진
3047,김시준
3048,안현연
3049,강승민
3050,전현저
3051,박태운
3052,류예현
3053,김정진
3054,장주린
3055,장항한
3056,최유연
3057,임준연
3058,안다진
3059,김한진
3060,한혀주
3061,정태환
3062,임미연
3063,전대훈
3064,오시윤
3065,김민우
3066,하지현
3067,진전호
3068,김서소
3069,유유현
3070,임소나
3071,김동천
3072,김수라
3073,고승헌
3074,정보진
3075,조재윤
3076,권유영
3077,남면현
3078,이다원
3079,임창길
3080,박서희
3081,정원푱
3082,원아아
3083,손동훈
3084,최보린
3085,김송연
3086,도재연
3087,주재교
3088,배서연
3089,김간희
3090,박지진
3091,강정선
3092,최다민
3093,윤현현
3094,김아연
3095,박강균
3096,김겨연
3097,남원신
3098,선도수
3099,김도시
3100,유서솔
3101,조태석
3102,김예현
3103,김종만
3104,전미인
3105,최잔연
3106,김민민
3107,서세우
3108,엄서영
3109,김용형
3110,이지연
3111,김동환
3112,류진연
3113,윤동형
3114,노승예
3115,신성긴
3116,김미은
3117,박상동
3118,홍지연
3119,이한번
3120,조고민
3121,석준수
3122,이미경
3123,문세우
3124,민세진
3125,구주석
3126,박미현
3127,안태민
3128,최채서
3129,서연소
3130,김수민
3131,조재실
3132,강지윤
3133,최동성
3134,김세서
3135,임상사
3136,윤수은
3137,윤상현
3138,김혜주
3139,정성원
3140,권지현
3141,홍지기
3142,박채원
3143,정동태
3144,박유하
3145,지준경
3146,성다동
3147,김형우
3148,김지연
3149,천진안
3150,이미다
3151,김천현
3152,장저리
3153,임원원
3154,한휘민
3155,고균현
3156,변희연
3157,장현우
3158,이주윤
3159,원관환
3160,박지민
3161,박남현
3162,권지경
3163,정상준
3164,이민연
3165,이동진
3166,홍민주
3167,백찬균
3168,한시현
3169,한재현
3170,이수진
3171,이재한
3172,윤지은
3173,박긴천
3174,최소원
3175,마송원
3176,오지영
3177,황성호
3178,성수연
3179,김이운
3180,이주빈
3181,김기원
3182,황다원
3183,장민호
3184,이민린
3185,김승현
3186,이하민
3187,한원긴
3188,이나빈
3189,김사성
3190,김아연
3191,정지석
3192,유저지
3193,왕형빈
3194,김최빈
3195,조성호
3196,장보주
3197,이현준
3198,천민진
3199,민횽현
3200,김서빈
3201,이형우
3202,변예주
3203,윤형주
3204,엄유원
3205,황수재
3206,안승현
3207,김제전
3208,김지주
3209,홍이균
3210,노연빈
3211,유재류
3212,손도우
3213,김효준
3214,문지서
3215,남동훙
3216,문저련
3217,이용빈
3218,최소현
3219,김완현
3220,김다현
3221,임진진
3222,이미원
3223,박희호
3224,안지연
3225,박영현
3226,김유희
3227,고경찬
3228,이지서
3229,김형찬
3230,이소지
3231,신준웅
3232,김세서
3233,정주훈
3234,임예연
3235,박상현
3236,권저준
3237,오시준
3238,김민원
3239,이태혼
3240,이주연
3241,김남해
3242,탁서현
3243,김진환
3244,윤혜은
3245,조성현
3246,김예지
3247,조상찬
3248,양민현
3249,임승성
3250,이현윤
3251,이홍훈
3252,박은연
3253,양동운
3254,이아연
3255,양동진
3256,서연이
3257,김태준
3258,정새주
3259,안종현
3260,박주아
3261,양상진
3262,이주현
3263,김동우
3264,이유은
3265,이상석
3266,강채경
3267,최조석
3268,김유민
3269,김진훅
3270,윤은현
3271,이준삭
3272,이소진
3273,노원현
3274,허주재
3275,유인현
3276,김하희
3277,김성연
3278,문시원
3279,김원인
3280,김주언
3281,신민현
3282,최수윤
3283,손민만
3284,이유연
3285,김승훈
3286,하유서
3287,이태현
3288,이혜연
3289,유재환
3290,최연서
3291,차산원
3292,양지은
3293,이긍원
3294,김소현
3295,한성민
3296,이은진
3297,백효주
3298,이희지
3299,고전훈
3300,김서린
3301,황효화
3302,이태은
3303,이성환
3304,최처린
3305,이규호
3306,서세연
3307,김의재
3308,오세서
3309,유전천
3310,김승진
3311,서병연
3312,최지혜
3313,김상연
3314,조수연
3315,김정민
3316,차호은
3317,최현연
3318,이서인
3319,장한현
3320,고채은
3321,장규호
3322,이미빈
3323,남벼운
3324,임혜저
3325,박운호
3326,손미운
3327,김성범
3328,박지현
3329,김경린
3330,강민현
3331,정낙석
3332,이지진
3333,윤재도
3334,석서희
3335,손진숭
3336,서서지
3337,이한용
3338,손유은
3339,이남준
3340,박지민
3341,송인용
3342,조혜연
3343,송경준
3344,이도전
3345,서정현
3346,정슨겅
3347,홍당훈
3348,임수서
3349,이전로
3350,엄보은
3351,이인현
3352,김예린
3353,노진필
3354,박예준
3355,정준배
3356,이연주
3357,김운선
3358,박예수
3359,현재성
3360,진서희
3361,배민성
3362,김수련
3363,김홍재
3364,김서효
3365,최승진
3366,안승서
3367,김우민
3368,강수은
3369,김상오
3370,구지진
3371,박연민
3372,한유연
3373,정지태
3374,권현은
3375,조주현
3376,최서안
3377,이지수
3378,이소연
3379,정성호
3380,신지원
3381,박인현
3382,한유재
3383,김준석
3384,송혜린
3385,김현운
3386,박미민
3387,안형우
3388,진수라
3389,황민환
3390,김미진
3391,이성용
3392,방가빈
3393,김성군
3394,장채연
3395,이친영
3396,이미린
3397,김광헉
3398,송이경
3399,문형준
3400,임수지
3401,차도주
3402,황예연
3403,최승균
3404,김이서
3405,홍진인
3406,고수나
3407,김숭인
3408,엄하진
3409,이주석
3410,정수연
3411,김당원
3412,이무은
3413,박승긴
3414,추유빈
3415,신인견
3416,홍유재
3417,김균지
3418,강슨수
3419,허상표
3420,윤지희
3421,전한현
3422,김지원
3423,장민문
3424,이이연
3425,최주현
3426,채미희
3427,박원훈
3428,정지현
3429,김하석
3430,하혀연
3431,이해민
3432,이주주
3433,정창훈
3434,한서원
3435,김준재
3436,김민경
3437,최영후
3438,위최희
3439,박태민
3440,장윤신
3441,홍승민
3442,안지희
3443,김봉수
3444,김다솔
3445,김동성
3446,손서윤
3447,김승운
3448,어지나
3449,방상준
3450,장유린
3451,조지현
3452,이수경
3453,황현환
3454,최은주
3455,심주석
3456,성보나
3457,오용호
3458,김지예
3459,정긴민
3460,오도서
3461,윤효연
3462,윤서혜
3463,양대형
3464,이유은
3465,박유태
3466,이지서
3467,김진욱
3468,황시인
3469,오동민
3470,박수연
3471,남승인
3472,민서현
3473,박항푱
3474,이혀진
3475,한재우
3476,조서서
3477,이원혹
3478,김채연
3479,강상준
3480,김서혜
3481,김주준
3482,조주영
3483,강태준
3484,안수시
3485,최운숙
3486,조현현
3487,문상균
3488,심혜연
3489,김도억
3490,성시연
3491,서재보
3492,김다원
3493,허정홍
3494,김서진
3495,유정준
3496,이예원
3497,오제군
3498,배차린
3499,박용준
3500,변세진
3501,장횽진
3502,김주재
3503,김상찬
3504,이나원
3505,조세우
3506,조지주
3507,이상용
3508,이세지
3509,김재호
3510,김민효
3511,김창진
3512,박소진
3513,김전한
3514,이민은
3515,강동환
3516,김은서
3517,이도주
3518,지지희
3519,황민형
3520,심지빈
3521,조성혁
3522,남혜연
3523,이현훈
3524,김민연
3525,서영당
3526,안수윤
3527,김연도
3528,장혜린
3529,김진혼
3530,이서련
3531,서면현
3532,박지현
3533,홍문희
3534,허재진
3535,김의현
3536,금규연
3537,안전헝
3538,김유진
3539,황현호
3540,이수은
3541,임상호
3542,정다현
3543,정형현
3544,박희연
3545,박진연
3546,김나연
3547,김가훈
3548,김유주
3549,김규주
3550,지슨향
3551,이지현
3552,최민현
3553,양항석
3554,최민진
3555,이동석
3556,김소진
3557,전현의
3558,황벼빈
3559,황성유
3560,김수저
3561,송진운
3562,임수지
3563,신한규
3564,이소예
3565,김연비
3566,이유혜
3567,이재준
3568,이소림
3569,임운재
3570,권은영
3571,제성로
3572,김은서
3573,김성현
3574,박혜은
3575,김종태
3576,이서연
3577,이성기
3578,한미윤
3579,황태재
3580,임은원
3581,고형우
3582,조유수
3583,이겅준
3584,최지원
3585,석의현
3586,배오림
3587,이성홍
3588,조가민
3589,박용민
3590,윤희안
3591,장재운
3592,이수현
3593,서중구
3594,이주아
3595,김현진
3596,강지민
3597,이재진
3598,강가영
3599,이지규
3600,옥하서
3601,황홍범
3602,이예빈
3603,한동현
3604,이혜진
3605,이재본
3606,강수경
3607,정상용
3608,김민민
3609,정전우
3610,김이민
3611,최정재
3612,이은은
3613,임재석
3614,장혜린
3615,이대천
3616,김시진
3617,강진희
3618,최다리
3619,임성현
3620,이현주
3621,임면한
3622,홍이은
3623,이지준
3624,고보진
3625,박진헉
3626,오유원
3627,기전선
3628,박서은
3629,김조형
3630,김다은
3631,김견민
3632,정서희
3633,김민재
3634,이아인
3635,김준견
3636,김혜희
3637,이준하
3638,김도현
3639,조상운
3640,김유진
3641,소지연
3642,최지희
3643,임준희
3644,박저민
3645,박주성
3646,유민원
3647,오형호
3648,김민안
3649,오재훅
3650,김다은
3651,전성운
3652,이세연
3653,강후형
3654,심유민
3655,현도우
3656,장은연
3657,윤준준
3658,김채비
3659,김상윤
3660,정현은
3661,홍현희
3662,심세주
3663,송원희
3664,이주원
3665,유홍성
3666,김수혜
3667,주형안
3668,이지윤
3669,배용현
3670,신유나
3671,김승준
3672,이수린
3673,성진준
3674,강연원
3675,이준호
3676,김예빈
3677,안조천
3678,어혜연
3679,백병섭
3680,황가민
3681,전현횽
3682,이민진
3683,곽변겅
3684,김저린
3685,이인환
3686,진주수
3687,한건호
3688,김주현
3689,박전은
3690,김은은
3691,이병운
3692,김보연
3693,이선승
3694,한모인
3695,김겅건
3696,김가희
3697,기성주
3698,이미아
3699,황태원
3700,이우빈
3701,신민안
3702,천소원
3703,김겅로
3704,김민연
3705,손봉준
3706,김미저
3707,문재순
3708,윤윤련
3709,한미훈
3710,박유진
3711,하민형
3712,장주현
3713,양상권
3714,김벼원
3715,김주희
3716,김유연
3717,황겅삭
3718,박서주
3719,김형사
3720,이하혜
3721,김왕진
3722,전어연
3723,김동권
3724,김은은
3725,김영연
3726,최연아
3727,김세련
3728,노다인
3729,장현환
3730,장보주
3731,김병석
3732,전시주
3733,김재진
3734,황지진
3735,김형훈
3736,정지우
3737,김겅석
3738,석민진
3739,이승석
3740,우서민
3741,임전현
3742,최은린
3743,조준훅
3744,박지나
3745,김홍규
3746,김나민
3747,곽성원
3748,천희나
3749,김민윤
3750,문민수
3751,임긴현
3752,송현리
3753,황경로
3754,이나연
3755,김정훈
3756,김현연
3757,송중철
3758,이서빈
3759,김준한
3760,장유리
3761,김재환
3762,서지혜
3763,안종영
3764,이윤은
3765,김조전
3766,박태원
3767,장지운
3768,정세진
3769,한지현
3770,김지원
3771,장봉숙
3772,정은연
3773,이기재
3774,황지소
3775,고와원
3776,손소서
3777,임영호
3778,최긍연
3779,박당찬
3780,이예주
3781,김한긴
3782,송주우
3783,문태우
3784,오하희
3785,이수훈
3786,오소빈
3787,김동원
3788,김혜진
3789,김영영
3790,김수진
3791,김승우
3792,한혜연
3793,방형현
3794,기서빈
3795,김홍진
3796,윤혜빈
3797,현주희
3798,이은주
3799,진정진
3800,김수원
3801,김유진
3802,김혜아
3803,고가서
3804,강저빈
3805,우세기
3806,노지민
3807,김웅준
3808,김예린
3809,김중원
3810,김미린
3811,박유랙
3812,고채은
3813,이상환
3814,오다민
3815,양왕현
3816,한어린
3817,장성규
3818,강차나
3819,손태운
3820,남지서
3821,정자구
3822,조효원
3823,이상후
3824,최수민
3825,박성민
3826,이예은
3827,노경사
3828,김유현
3829,최당현
3830,김혜원
3831,김현지
3832,정수진
3833,정상의
3834,양시현
3835,김승규
3836,김새현
3837,한우재
3838,양하란
3839,조재라
3840,정유혜
3841,김조필
3842,김소경
3843,라민우
3844,정주나
3845,신성수
3846,강수준
3847,이진호
3848,여세예
3849,박원용
3850,김연연
3851,이동민
3852,이지연
3853,정승우
3854,고지린
3855,이유준
3856,정주현
3857,조준운
3858,김지저
3859,권상분
3860,김연아
3861,김종요
3862,신재은
3863,남성준
3864,김주원
3865,김주준
3866,장보빈
3867,전찬연
3868,김수은
3869,배태구
3870,박승원
3871,김호성
3872,김지희
3873,이형석
3874,김수나
3875,장준수
3876,나준원
3877,정재시
3878,김현원
3879,조홍긴
3880,정수원
3881,이재진
3882,이서원
3883,강형석
3884,조지하
3885,안진긍
3886,임혜현
3887,황태희
3888,안수연
3889,조승숙
3890,한혜주
3891,홍홍령
3892,강태연
3893,구재호
3894,신다연
3895,이상운
3896,박보저
3897,차준차
3898,배민빈
3899,김정호
3900,전채경
3901,김지긴
3902,홍지서
3903,이동현
3904,강유빈
3905,이민재
3906,주지원
3907,제우운
3908,이미현
3909,김우민
3910,윤현은
3911,정교아
3912,김채지
3913,박진환
3914,최수유
3915,최경현
3916,유아은
3917,강정석
3918,지은현
3919,정예호
3920,김민빈
3921,허종철
3922,김혜연
3923,윤상권
3924,권지혜
3925,임이후
3926,백지은
3927,고종웅
3928,문소현
3929,김대호
3930,김민서
3931,김동구
3932,김소서
3933,홍재연
3934,송서진
3935,한성운
3936,이도린
3937,임동유
3938,서지지
3939,최연훈
3940,정보주
3941,정지민
3942,전보진
3943,김영준
3944,채혀형
3945,유용천
3946,현보늘
3947,이현순
3948,김미현
3949,박정온
3950,박가전
3951,김경동
3952,김유서
3953,박태희
3954,김연현
3955,이준재
3956,황차진
3957,권연준
3958,한희지
3959,김인현
3960,윤지주
3961,한유기
3962,이유윤
3963,최주우
3964,김예서
3965,우변간
3966,이가원
3967,박용원
3968,오슨현
3969,김광민
3970,박지원
3971,장준역
3972,김유원
3973,신동석
3974,이기지
3975,신종표
3976,이주서
3977,김태성
3978,장세연
3979,배한우
3980,강예진
3981,김진석
3982,정지윤
3983,정조규
3984,전어혜
3985,박태석
3986,성수라
3987,문병회
3988,전수연
3989,박궁현
3990,이수린
3991,최기지
3992,정수현
3993,최응규
3994,이은라
3995,신성환
3996,이지재
3997,한현환
3998,황수나
3999,이성원
4000,김미재
4001,김운민
4002,김민수
4003,이성현
4004,박혜연
4005,박영호
4006,이현은
4007,장태진
4008,안다주
4009,박상횽
4010,김무서
4011,윤요혹
4012,강세신
4013,박동태
4014,이저빈
4015,유성운
4016,김은우
4017,정옹오
4018,장민은
4019,이겅헌
4020,최민윤
4021,김현주
4022,최지희
4023,박한범
4024,성혜린
4025,김현현
4026,이유경
4027,김제우
4028,배소인
4029,이강구
4030,임희경
4031,이청휘
4032,류지은
4033,최상현
4034,이혜진
4035,김재채
4036,진저이
4037,한창언
4038,최가라
4039,윤주삭
4040,전은연
4041,구중인
4042,남유경
4043,박정우
4044,김유연
4045,서대형
4046,조지연
4047,엄원전
4048,이희지
4049,박희균
4050,방수현
4051,이현균
4052,한서은
4053,윤정민
4054,박지윤
4055,박성석
4056,박유서
4057,이승혼
4058,김지수
4059,서창영
4060,홍서주
4061,한운민
4062,이하지
4063,신주준
4064,이유진
4065,권지석
4066,임채은
4067,박민현
4068,서민은
4069,김견진
4070,한현민
4071,성윤석
4072,황수윤
4073,김승준
4074,신주민
4075,김요세
4076,박서원
4077,김영찬
4078,양세진
4079,김희균
4080,우하연
4081,김대재
4082,김유연
4083,박상호
4084,임수주
4085,조양민
4086,이소현
4087,엄승진
4088,강수주
4089,박전우
4090,박현저
4091,문유희
4092,김유현
4093,방재한
4094,김효효
4095,박상한
4096,전주현
4097,정요준
4098,김민현
4099,정기수
4100,김유원
4101,장윤유
4102,강모주
4103,이형역
4104,정혜하
4105,조가찬
4106,김윤경
4107,권요천
4108,이은빈
4109,김주은
4110,나민진
4111,서원시
4112,최지연
4113,한용난
4114,김재희
4115,손상현
4116,김다원
4117,이구환
4118,유태하
4119,유우호
4120,임가린
4121,배벙성
4122,노지진
4123,이재수
4124,정주성
4125,조승우
4126,김재연
4127,이신우
4128,문다경
4129,한주준
4130,김재연
4131,정희룬
4132,윤벼진
4133,안전연
4134,이서희
4135,박조몬
4136,황아민
4137,강진식
4138,김민진
4139,공승우
4140,장채현
4141,권홍민
4142,김혜원
4143,김재우
4144,김예현
4145,서동준
4146,유애빈
4147,오성후
4148,표효은
4149,주조연
4150,김서수
4151,김민완
4152,정소희
4153,서병희
4154,이효혜
4155,박상운
4156,윤세아
4157,양민능
4158,한지원
4159,전종중
4160,김현경
4161,장벙혁
4162,이윤은
4163,박태운
4164,방여재
4165,오현원
4166,서승진
4167,황준횽
4168,이혜효
4169,전상원
4170,김유경
4171,전순환
4172,김예현
4173,이재현
4174,전예지
4175,김영재
4176,함세연
4177,최우한
4178,임미연
4179,강성청
4180,허지진
4181,윤태현
4182,이지리
4183,최원호
4184,이하신
4185,이형화
4186,이이라
4187,황겅현
4188,손하진
4189,김면혹
4190,박주빈
4191,김도준
4192,남소연
4193,손영준
4194,노소지
4195,최준석
4196,황혜경
4197,송시원
4198,서지서
4199,이민서
4200,김유래
4201,김재삭
4202,박지미
4203,한병현
4204,문지인
4205,박준호
4206,조은빈
4207,이우민
4208,윤유원
4209,정경혁
4210,손주민
4211,황준긴
4212,박서저
4213,박형연
4214,안하서
4215,김항현
4216,심지혜
4217,임승수
4218,박소시
4219,송성형
4220,배지린
4221,정시현
4222,최유영
4223,안청우
4224,최태하
4225,김태균
4226,이연경
4227,김승현
4228,김유연
4229,임준진
4230,김소연
4231,전성현
4232,문주현
4233,이잔규
4234,김다애
4235,한남용
4236,박유흔
4237,조성석
4238,박가현
4239,정재표
4240,이주민
4241,이세현
4242,서윤연
4243,안용우
4244,양저희
4245,공승연
4246,심소련
4247,김유환
4248,배서은
4249,송주현
4250,고유은
4251,박벙호
4252,김자혜
4253,안준현
4254,최보나
4255,김재표
4256,성다서
4257,최제호
4258,김소정
4259,서진수
4260,이유은
4261,정필범
4262,최승혜
4263,정성민
4264,정지원
4265,임진호
4266,이서원
4267,이숭연
4268,이다인
4269,고병운
4270,조서영
4271,김병호
4272,허미연
4273,채원연
4274,김지현
4275,서순민
4276,한연서
4277,김진우
4278,심서민
4279,김세균
4280,조지연
4281,김동민
4282,황모원
4283,김상희
4284,신민린
4285,박긴항
4286,윤채연
4287,오노규
4288,이아수
4289,박재찬
4290,이다수
4291,신동균
4292,임예저
4293,주재완
4294,김윤진
4295,황청현
4296,김소아
4297,김운조
4298,윤보영
4299,이경호
4300,이채현
4301,김태번
4302,한태민
4303,오정혁
4304,황혜원
4305,백지성
4306,강주영
4307,이한석
4308,윤지연
4309,김도권
4310,장서수
4311,김견준
4312,이수우
4313,김항연
4314,정유민
4315,박성진
4316,김윤진
4317,오주모
4318,김유준
4319,주현민
4320,이아연
4321,조준민
4322,김유연
4323,남민민
4324,김지우
4325,정준혁
4326,백슨경
4327,유승요
4328,배수예
4329,이진연
4330,전보혜
4331,이성준
4332,권민윤
4333,이동긴
4334,정세현
4335,서창호
4336,안나현
4337,김태환
4338,송유현
4339,황성진
4340,정사연
4341,정주원
4342,최주효
4343,김창용
4344,한성채
4345,이낭준
4346,장주희
4347,강주엽
4348,김저현
4349,김영현
4350,이민서
4351,심형규
4352,김다서
4353,안재윤
4354,김소지
4355,백형우
4356,임채하
4357,백원성
4358,김민인
4359,김윤석
4360,김민빈
4361,박동진
4362,김유예
4363,김승환
4364,김소현
4365,김재긴
4366,이윤진
4367,윤영헌
4368,김민효
4369,유경우
4370,윤예지
4371,이용규
4372,이다운
4373,이상진
4374,변지은
4375,민윤후
4376,김소현
4377,류동균
4378,이지연
4379,박병민
4380,윤윤원
4381,김민제
4382,민유영
4383,황상도
4384,김지윤
4385,임해석
4386,김하원
4387,채준역
4388,양미전
4389,이유훈
4390,박도영
4391,양면유
4392,권서나
4393,문준석
4394,박나민
4395,박서준
4396,신도희
4397,양승찬
4398,이다진
4399,김태희
4400,이가민
4401,손령민
4402,윤유진
4403,김희환
4404,최지연
4405,윤운석
4406,유현아
4407,박준형
4408,구윤은
4409,강진원
4410,유예연
4411,임재근
4412,강나진
4413,김재진
4414,김다원
4415,정영성
4416,김보은
4417,진재태
4418,김서현
4419,박재녈
4420,김보민
4421,이장긍
4422,유연연
4423,오원성
4424,백서진
4425,이주민
4426,최윤경
4427,이한몬
4428,박유현
4429,양홍택
4430,송보혜
4431,이민배
4432,문소진
4433,송진진
4434,정시인
4435,이병수
4436,김현린
4437,이성준
4438,민민현
4439,조재호
4440,강하빈
4441,강동원
4442,허민연
4443,전견우
4444,김민연
4445,조형우
4446,이현인
4447,신민근
4448,김서하
4449,김승전
4450,원지엉
4451,홍응배
4452,김나준
4453,오영환
4454,소서은
4455,주간재
4456,김예린
4457,김진숙
4458,천채연
4459,김중영
4460,전윤수
4461,최영후
4462,강은호
4463,임정운
4464,변혜인
4465,강인재
4466,서수란
4467,오재근
4468,한나혜
4469,김원균
4470,김서서
4471,이선현
4472,양차영
4473,박전현
4474,민의연
4475,박종번
4476,김은은
4477,박지영
4478,최예지
4479,신경진
4480,심하영
4481,황지호
4482,송민진
4483,윤성수
4484,최민민
4485,김정재
4486,김보안
4487,박교인
4488,박채원
4489,최이환
4490,정미서
4491,김민환
4492,조규혜
4493,한운긍
4494,서유민
4495,최동용
4496,송지희
4497,조시긴
4498,권미연
4499,안성한
4500,김나예
4501,오예선
4502,나가연
4503,김신훈
4504,이보현
4505,백준주
4506,홍주현
4507,주창성
4508,김서영
4509,신태준
4510,이서윤
4511,최재수
4512,이미원
4513,서대민
4514,한예견
4515,이성시
4516,김수다
4517,정동윤
4518,김민윤
4519,최준운
4520,이주민
4521,조지호
4522,이재윤
4523,이진훈
4524,정수저
4525,정준민
4526,황지라
4527,김재주
4528,임예나
4529,박연휘
4530,김시윤
4531,김동성
4532,윤유은
4533,정휘성
4534,김소연
4535,남환원
4536,권예원
4537,김성규
4538,김보지
4539,박재연
4540,조도연
4541,윤동변
4542,이현현
4543,이민현
4544,고수은
4545,유상군
4546,양예저
4547,김연호
4548,강세연
4549,이민헌
4550,박해저
4551,최지운
4552,권아경
4553,홍견현
4554,정민현
4555,박재래
4556,이예민
4557,손원순
4558,박다연
4559,이태한
4560,정세민
4561,류찬석
4562,김서하
4563,강준석
4564,박유윤
4565,최준현
4566,김수현
4567,김형원
4568,김다윤
4569,오준모
4570,서새서
4571,황헌찬
4572,박민윤
4573,김운준
4574,김저희
4575,연상성
4576,기예진
4577,김민형
4578,위연희
4579,정조운
4580,유혜연
4581,이재희
4582,염현현
4583,김후규
4584,김보린
4585,오도선
4586,하아은
4587,오병천
4588,김서빈
4589,최요태
4590,김수연
4591,김승석
4592,김푸연
4593,유이의
4594,김현빈
4595,남현호
4596,정무경
4597,박웅현
4598,이규재
4599,김대현
4600,장희민
4601,김규근
4602,김하현
4603,유전홍
4604,이연인
4605,임형욱
4606,장지저
4607,김윤류
4608,강민연
4609,조동엉
4610,손나인
4611,김태훈
4612,이윤진
4613,박찬준
4614,김세연
4615,이지석
4616,이영린
4617,이찬온
4618,정미솔
4619,손환훈
4620,남예영
4621,김태오
4622,채시원
4623,기진호
4624,박재경
4625,이성환
4626,구시원
4627,이승호
4628,고시정
4629,장상석
4630,최하민
4631,김정호
4632,김희민
4633,유창원
4634,윤다진
4635,유휘남
4636,김수린
4637,황윤훈
4638,김지인
4639,박석인
4640,이소하
4641,남승웅
4642,황휘연
4643,조재우
4644,김세연
4645,김찬흔
4646,박서현
4647,박정창
4648,윤소저
4649,강우령
4650,김연수
4651,김재주
4652,이수희
4653,조인태
4654,정혜형
4655,이준한
4656,최예연
4657,한휘해
4658,주하연
4659,조지섭
4660,어주인
4661,정성현
4662,김최재
4663,김현모
4664,하예빈
4665,노승운
4666,김주아
4667,차정보
4668,이새연
4669,홍재혼
4670,강세현
4671,이태모
4672,이미영
4673,김재철
4674,양예희
4675,정희범
4676,정유림
4677,이승우
4678,이주민
4679,안동수
4680,이서재
4681,이신휘
4682,이서시
4683,김연우
4684,전현연
4685,정재연
4686,곽서른
4687,백윤유
4688,김윤은
4689,김견윤
4690,김도린
4691,석수원
4692,서가은
4693,서겅주
4694,박현라
4695,류형현
4696,윤지연
4697,최주근
4698,김민이
4699,박재준
4700,김서호
4701,김제우
4702,이지연
4703,이세현
4704,장승은
4705,김현규
4706,신서현
4707,김윤사
4708,현태나
4709,이강형
4710,홍연연
4711,박연우
4712,이의진
4713,이준문
4714,김지원
4715,이유석
4716,조미은
4717,강영현
4718,김미아
4719,김준환
4720,한지비
4721,임상용
4722,최지원
4723,이민웅
4724,권주진
4725,전장준
4726,최소저
4727,김환허
4728,이소성
4729,박영호
4730,정하현
4731,권문훈
4732,이유인
4733,조숭겅
4734,서예서
4735,박효영
4736,전주원
4737,이재석
4738,임현주
4739,박종찬
4740,강성인
4741,배준석
4742,양지소
4743,박긴우
4744,임유현
4745,조영성
4746,김승현
4747,박희현
4748,이혜아
4749,김성현
4750,김오민
4751,정준영
4752,조세연
4753,여상도
4754,박예은
4755,최연석
4756,장유주
4757,최성호
4758,김희경
4759,정조선
4760,김세연
4761,정시후
4762,김가현
4763,김성준
4764,신소진
4765,손원형
4766,한주현
4767,장동규
4768,장혜연
4769,조동영
4770,정민진
4771,박차식
4772,오어라
4773,김동근
4774,신하진
4775,정영준
4776,장미윤
4777,김조민
4778,황주윤
4779,박승현
4780,황시현
4781,김응호
4782,장아영
4783,김준석
4784,조가린
4785,방병현
4786,김시연
4787,임이우
4788,유서진
4789,김형천
4790,남주진
4791,최지호
4792,박지원
4793,박병준
4794,송보연
4795,조정준
4796,이지연
4797,정래빈
4798,양민원
4799,탁종현
4800,김소소
4801,김벙준
4802,오민아
4803,이상순
4804,노승련
4805,한태원
4806,원다수
4807,이당흔
4808,김기향
4809,이성현
4810,이자지
4811,김긴민
4812,허나은
4813,천주운
4814,전다연
4815,김형민
4816,안세윤
4817,성기운
4818,박지준
4819,이훈재
4820,강나안
4821,정민호
4822,김예경
4823,맹성원
4824,이희현
4825,민조환
4826,안지은
4827,안정호
4828,김지연
4829,김상기
4830,한세린
4831,강성연
4832,최주재
4833,오진영
4834,이시지
4835,정승사
4836,이미진
4837,김진현
4838,지세진
4839,김창규
4840,김민희
4841,이민긴
4842,박진린
4843,김기현
4844,서저아
4845,이응호
4846,김슨주
4847,심준희
4848,김지은
4849,구긴진
4850,장수민
4851,우성관
4852,강혜아
4853,이태고
4854,김병주
4855,한창영
4856,염가경
4857,이연규
4858,이하연
4859,장민성
4860,최수민
4861,김순형
4862,장유은
4863,이전성
4864,김시이
4865,김휘라
4866,고유민
4867,김찬초
4868,김지진
4869,안진의
4870,박소서
4871,서인희
4872,유하은
4873,엄형연
4874,황다연
4875,김준긴
4876,고서민
4877,고시태
4878,김유은
4879,윤조주
4880,김의현
4881,손준준
4882,김현소
4883,김민준
4884,하민원
4885,신주표
4886,한서재
4887,김승석
4888,최지원
4889,홍봉원
4890,김보연
4891,정민형
4892,김수현
4893,이성훈
4894,주주견
4895,임항진
4896,김시서
4897,김성원
4898,박수서
4899,이상현
4900,이가희
4901,김현영
4902,이지나
4903,주현청
4904,김하은
4905,이동재
4906,최서리
4907,김상천
4908,차서영
4909,박재준
4910,방나현
4911,노현조
4912,김유린
4913,김영정
4914,강민지
4915,김승빈
4916,손유연
4917,정창훈
4918,이소빈
4919,강동빈
4920,김지은
4921,최중몬
4922,박다원
4923,김대주
4924,박소원
4925,정성진
4926,이가저
4927,신윤성
4928,신지린
4929,김송현
4930,장하현
4931,손승진
4932,이인은
4933,황원현
4934,김아효
4935,강성권
4936,김혀진
4937,최동현
4938,박서은
4939,김영제
4940,최주은
4941,곽민연
4942,이보연
4943,이연태
4944,정현연
4945,최승규
4946,문저윤
4947,김숭운
4948,이지현
4949,서주진
4950,강세하
4951,조제헌
4952,김주원
4953,장재훈
4954,장채윤
4955,고민완
4956,김균연
4957,김태산
4958,정유나
4959,현찬연
4960,오승희
4961,김영원
4962,성다현
4963,김세녕
4964,박민서
4965,이성성
4966,최혜은
4967,정봉송
4968,최나연
4969,박주원
4970,송시민
4971,이대영
4972,황지현
4973,유형주
4974,권서은
4975,김간앙
4976,이예경
4977,박대권
4978,윤소빈
4979,주강후
4980,한민연
4981,신상혁
4982,김예진
4983,이문표
4984,이다원
4985,조진규
4986,장아윤
4987,김견훈
4988,주나윤
4989,송상연
4990,오저희
4991,안형혁
4992,안가아
4993,김성성
4994,김민주
4995,정승희
4996,노예주
4997,이진형
4998,조자연
4999,국누민
5000,강시은
5001,노민연
5002,전수인
5003,이응전
5004,최지영
5005,김동혁
5006,현혜연
5007,김현현
5008,이나경
5009,라인현
5010,박응린
5011,임상규
5012,이세현
5013,정승번
5014,김혜연
5015,신민현
5016,김승연
5017,장정현
5018,이민연
5019,박영혁
5020,김수원
5021,김긴언
5022,김세저
5023,김정현
5024,김지린
5025,최조후
5026,윤서은
5027,김형찬
5028,이예현
5029,김상휘
5030,이민연
5031,허병혁
5032,최서진
5033,김동운
5034,김예연
5035,유규현
5036,김소서
5037,박광범
5038,강아린
5039,김수찬
5040,최태희
5041,김성긴
5042,박지연
5043,신주근
5044,송예영
5045,이승준
5046,최보원
5047,민승민
5048,박수재
5049,김규현
5050,장예나
5051,정강후
5052,원수수
5053,배진준
5054,홍예동
5055,이효관
5056,전최빈
5057,김강하
5058,정지주
5059,유상현
5060,장현빈
5061,고승주
5062,강지연
5063,현응희
5064,김소리
5065,노정규
5066,이호저
5067,윤형호
5068,원소영
5069,박지경
5070,도서윤
5071,유웅모
5072,양혜은
5073,이영순
5074,이지빈
5075,허찬훈
5076,김희연
5077,문미호
5078,최서연
5079,박요변
5080,심서현
5081,김긴우
5082,오주정
5083,김성조
5084,이태나
5085,문민한
5086,전현연
5087,위경서
5088,현희원
5089,박종운
5090,이지은
5091,김유진
5092,김수나
5093,임준환
5094,박유희
5095,김해환
5096,김하경
5097,이동규
5098,이저현
5099,이벙견
5100,김예정
5101,조진우
5102,김유연
5103,장민찬
5104,김민민
5105,이항준
5106,양민수
5107,신윤번
5108,송유지
5109,박긍욱
5110,정지린
5111,황지운
5112,김주인
5113,강상우
5114,권도경
5115,김경번
5116,성다연
5117,김형성
5118,이시래
5119,조창원
5120,모지서
5121,김세중
5122,정윤연
5123,박형석
5124,이현경
5125,조재준
5126,권혜주
5127,권예호
5128,박예연
5129,김형현
5130,김유경
5131,김동창
5132,홍소연
5133,김윤호
5134,김지현
5135,김주영
5136,김예나
5137,김병현
5138,주소서
5139,김영현
5140,최소민
5141,방지진
5142,최지현
5143,황벙성
5144,배서진
5145,정면근
5146,현예현
5147,송민훈
5148,이진연
5149,임경혁
5150,백소재
5151,전동시
5152,이주진
5153,김라현
5154,윤지원
5155,김요현
5156,김새진
5157,정연원
5158,이은진
5159,오봉한
5160,김다은
5161,남재빈
5162,김태진
5163,백형재
5164,김다은
5165,여운수
5166,권가경
5167,박도현
5168,박서현
5169,최동진
5170,이수원
5171,소민후
5172,김시운
5173,김정준
5174,김아수
5175,정필찬
5176,최유리
5177,권유석
5178,정태은
5179,김성주
5180,한은준
5181,이희우
5182,최주현
5183,최춘구
5184,손지주
5185,강상현
5186,임승지
5187,윤준우
5188,김연영
5189,박규세
5190,박지서
5191,이병원
5192,정현선
5193,최형한
5194,김은연
5195,맹병훈
5196,채다현
5197,정병현
5198,한채민
5199,조승형
5200,이도은
5201,허승운
5202,김민희
5203,홍저세
5204,이수민
5205,신군환
5206,전혜민
5207,김연인
5208,김지나
5209,이우훈
5210,안혜원
5211,양홍민
5212,박승연
5213,박면도
5214,김수서
5215,이상도
5216,이유원
5217,장영모
5218,김지견
5219,서원용
5220,김연희
5221,여세요
5222,김수저
5223,허지로
5224,진가진
5225,우형변
5226,하서호
5227,이동섭
5228,김도희
5229,주만석
5230,박서원
5231,송균현
5232,전수진
5233,정승라
5234,이수진
5235,서희인
5236,김소아
5237,김재원
5238,장의진
5239,정제철
5240,이미아
5241,이민한
5242,김시원
5243,권한현
5244,이가현
5245,박규현
5246,이민경
5247,유슨숭
5248,이지소
5249,강영용
5250,이가윤
5251,김희조
5252,신수연
5253,정현혁
5254,배유주
5255,공성원
5256,현지나
5257,임운군
5258,김가우
5259,강태현
5260,이어민
5261,장성호
5262,박지민
5263,박청재
5264,조수현
5265,연진우
5266,장혜인
5267,전지현
5268,이혜연
5269,정태성
5270,정서나
5271,석진훈
5272,최희연
5273,홍형인
5274,이혜현
5275,도운영
5276,신나시
5277,곽재호
5278,최민은
5279,김재호
5280,김우은
5281,정현연
5282,조나은
5283,안등재
5284,전채연
5285,정홍연
5286,김아진
5287,김용영
5288,정혜희
5289,김윤주
5290,이소희
5291,김재순
5292,강예주
5293,김웅민
5294,이수진
5295,이벙홍
5296,정주연
5297,박영연
5298,김혜련
5299,조대석
5300,김서서
5301,송거희
5302,권예연
5303,손재천
5304,김나저
5305,엄승진
5306,문유은
5307,정수희
5308,조소진
5309,최주훈
5310,고의희
5311,최진규
5312,최서정
5313,홍승한
5314,김세경
5315,이성민
5316,이다빈
5317,곽권원
5318,오고연
5319,임승연
5320,박태은
5321,권청성
5322,임다현
5323,진승호
5324,백현진
5325,민홍민
5326,김도원
5327,정승규
5328,한지현
5329,안경희
5330,이지호
5331,성지운
5332,최연라
5333,고용민
5334,이민형
5335,홍성견
5336,주서빈
5337,김경현
5338,이은주
5339,박민빈
5340,서유하
5341,김태현
5342,김민경
5343,박동형
5344,이민경
5345,황정민
5346,한혜현
5347,강성재
5348,임보은
5349,제주현
5350,한서서
5351,강성선
5352,유지경
5353,이현언
5354,이예민
5355,정주해
5356,김보저
5357,고용원
5358,김수견
5359,이정겅
5360,조아지
5361,한진용
5362,송서민
5363,이춘민
5364,김지희
5365,손승호
5366,김연연
5367,김해규
5368,최서현
5369,심태호
5370,윤서안
5371,신상현
5372,진지민
5373,김예제
5374,최소현
5375,이동주
5376,김주윤
5377,정민운
5378,김희우
5379,이경웅
5380,소예현
5381,이승본
5382,고지주
5383,심대성
5384,심유진
5385,조형원
5386,박혜진
5387,조상석
5388,신유연
5389,이세울
5390,장주연
5391,백지재
5392,김서경
5393,황응혹
5394,이고전
5395,최성현
5396,최다서
5397,한관호
5398,도은연
5399,장대훈
5400,염푸연
5401,조성기
5402,김예서
5403,김준후
5404,임나원
5405,강동영
5406,백연솔
5407,강인현
5408,최서윤
5409,소세주
5410,김아혜
5411,이제환
5412,차민인
5413,김운준
5414,박지원
5415,김영우
5416,최지란
5417,강지성
5418,김유호
5419,장성석
5420,조윤다
5421,윤동운
5422,한주희
5423,엄태안
5424,임지아
5425,김연주
5426,이미연
5427,최병주
5428,송유인
5429,정재신
5430,김시연
5431,마민재
5432,이가경
5433,엄재용
5434,김세서
5435,장우오
5436,조태수
5437,김동원
5438,권애영
5439,최병우
5440,박혜연
5441,이현민
5442,박미린
5443,이태원
5444,황민영
5445,이성호
5446,최예애
5447,조도호
5448,박하재
5449,현인민
5450,강시진
5451,한대수
5452,이다영
5453,임이현
5454,성유하
5455,오성원
5456,이연현
5457,노종운
5458,김수빈
5459,김진혁
5460,정현민
5461,김창화
5462,정가인
5463,김민후
5464,오어진
5465,권한준
5466,이채인
5467,강재석
5468,김수민
5469,김경수
5470,서은연
5471,김영권
5472,양지화
5473,장동주
5474,김효영
5475,김전현
5476,이서현
5477,김병균
5478,전현채
5479,박도우
5480,김지연
5481,김벙본
5482,이서서
5483,차황우
5484,이다민
5485,김성윤
5486,김유연
5487,최지청
5488,김저람
5489,이연성
5490,정은아
5491,이효제
5492,김서민
5493,정종호
5494,박소아
5495,선유형
5496,하윤현
5497,권형민
5498,문예진
5499,손훈빈
5500,정현영
5501,최진숙
5502,윤유현
5503,연남희
5504,임유서
5505,김형현
5506,장연경
5507,박경현
5508,김지민
5509,이창재
5510,이가현
5511,권항식
5512,옥민경
5513,이정완
5514,이리주
5515,이현현
5516,백지진
5517,강진현
5518,오지원
5519,김운응
5520,김주은
5521,서재현
5522,최지아
5523,박응현
5524,이소빈
5525,이승준
5526,오윤지
5527,김채우
5528,한주경
5529,장영진
5530,차다현
5531,문견훈
5532,김희서
5533,김승연
5534,나지예
5535,이민혁
5536,이민나
5537,박정석
5538,서시인
5539,이성연
5540,김유서
5541,박현현
5542,전윤른
5543,김상보
5544,김이린
5545,안승신
5546,신연원
5547,정성성
5548,한승서
5549,장혁성
5550,김이윤
5551,전상석
5552,채도서
5553,김성찬
5554,권미현
5555,정도서
5556,오서연
5557,김홍석
5558,임호지
5559,김진숙
5560,천민원
5561,정동헉
5562,진서진
5563,조희찬
5564,신처서
5565,배우운
5566,김민민
5567,유당현
5568,이주연
5569,남영준
5570,김현윤
5571,김병규
5572,배지비
5573,한상훈
5574,안소연
5575,김병훈
5576,김소은
5577,한회빈
5578,박소민
5579,배성현
5580,배은정
5581,박승권
5582,김진연
5583,양민환
5584,유혜서
5585,문성억
5586,박도희
5587,이홍조
5588,이윤하
5589,한준오
5590,이예현
5591,이만연
5592,황혜은
5593,염전환
5594,황지나
5595,강숭식
5596,박주인
5597,원준푱
5598,강도인
5599,송병승
5600,유윤연
5601,박대근
5602,김유진
5603,나긴성
5604,노예윤
5605,김원긴
5606,신혜경
5607,고재희
5608,김미정
5609,원성시
5610,권예아
5611,김승우
5612,이예엉
5613,신재번
5614,김유진
5615,김병호
5616,전은연
5617,손수연
5618,전수수
5619,지태역
5620,이희은
5621,윤대현
5622,김수진
5623,양상운
5624,안소빈
5625,이혜석
5626,조연빈
5627,김균진
5628,신세연
5629,서동민
5630,김주영
5631,신진호
5632,곽예예
5633,김영석
5634,곽소민
5635,정원운
5636,이애연
5637,신도주
5638,조은현
5639,서동영
5640,김민은
5641,양성호
5642,전지연
5643,장승운
5644,김소지
5645,정상민
5646,성소경
5647,현경용
5648,장호윤
5649,김원영
5650,이다인
5651,조승근
5652,문승현
5653,임상운
5654,여세연
5655,최인성
5656,이시빈
5657,한민원
5658,정하린
5659,유영호
5660,장세빈
5661,남준석
5662,박윤연
5663,이창민
5664,박지진
5665,박관성
5666,조예연
5667,이지연
5668,이가수
5669,이민선
5670,정소지
5671,유주연
5672,이다원
5673,김재혼
5674,박가현
5675,권운태
5676,이수연
5677,김도운
5678,한아은
5679,방지나
5680,김연희
5681,이환현
5682,김혜서
5683,이상벙
5684,전하신
5685,차종권
5686,이아연
5687,전찬긴
5688,윤소현
5689,박태옹
5690,이민민
5691,김친석
5692,강서서
5693,남용지
5694,임서민
5695,추영연
5696,서윤경
5697,강정성
5698,김현현
5699,김인환
5700,이윤수
5701,조민긴
5702,이원솔
5703,윤신태
5704,김수은
5705,박현준
5706,이민수
5707,김재석
5708,박지연
5709,강영운
5710,서원진
5711,정채종
5712,전서서
5713,김기호
5714,천미연
5715,박면상
5716,문주현
5717,장준준
5718,송가연
5719,김문운
5720,인윤원
5721,김동식
5722,임해인
5723,권진혼
5724,김예나
5725,조동현
5726,양지서
5727,최민재
5728,한세지
5729,최항준
5730,김자린
5731,조형용
5732,강현나
5733,신민진
5734,김슨윤
5735,신형헝
5736,이지현
5737,김주현
5738,지유민
5739,최서준
5740,안아수
5741,이친후
5742,김수혜
5743,김조석
5744,박서린
5745,김종현
5746,나저민
5747,이형민
5748,이채연
5749,양세원
5750,서수연
5751,이민진
5752,윤지희
5753,하태피
5754,김지연
5755,손균훈
5756,최주빈
5757,이도빈
5758,정주경
5759,오오근
5760,장지희
5761,정제주
5762,원서경
5763,김승문
5764,김서지
5765,이효연
5766,박연지
5767,구정원
5768,최서현
5769,이태긴
5770,전서인
5771,최유청
5772,김혜민
5773,장주권
5774,김주연
5775,구성현
5776,김소빈
5777,김창성
5778,조은윤
5779,진문빈
5780,김민나
5781,황민우
5782,함민경
5783,권창재
5784,정유희
5785,이대피
5786,박민윤
5787,정성후
5788,이민현
5789,임영주
5790,김유신
5791,오승규
5792,이채인
5793,조전규
5794,김민진
5795,이지현
5796,주지영
5797,정민민
5798,전리은
5799,이현운
5800,김서민
5801,전윤인
5802,한시민
5803,김면후
5804,김소민
5805,오진호
5806,장예현
5807,최성환
5808,김은연
5809,진현규
5810,김서은
5811,정정근
5812,김은원
5813,서준석
5814,윤수원
5815,권항석
5816,정승현
5817,이동숭
5818,권수은
5819,박동훈
5820,이채나
5821,하면슨
5822,최이은
5823,이종연
5824,안저은
5825,이진상
5826,서혜서
5827,김재석
5828,최여아
5829,이동혁
5830,이지빈
5831,김창홍
5832,신가서
5833,손주호
5834,박유연
5835,육용우
5836,이지아
5837,박동연
5838,임지원
5839,최영재
5840,신하희
5841,김주연
5842,이주원
5843,박동우
5844,전가윤
5845,박병진
5846,김서희
5847,김재빈
5848,김미은
5849,윤주균
5850,최유서
5851,최태석
5852,최서린
5853,나견환
5854,성서연
5855,문현의
5856,김미운
5857,양민현
5858,김연진
5859,김현훈
5860,홍효슨
5861,이운환
5862,박미저
5863,정연운
5864,이보현
5865,김준훈
5866,윤지리
5867,한제호
5868,장지원
5869,김동운
5870,정지원
5871,박미현
5872,신서아
5873,한겅성
5874,김지늘
5875,김상근
5876,이민연
5877,박광태
5878,최세나
5879,강주준
5880,강시원
5881,김병주
5882,이도은
5883,황영환
5884,김주연
5885,박연환
5886,박예현
5887,정지현
5888,윤세빈
5889,손연환
5890,김미은
5891,김정우
5892,한슨나
5893,허준호
5894,이고현
5895,엄창운
5896,김승연
5897,최태앙
5898,박나빈
5899,신효한
5900,강지나
5901,이동수
5902,박윤윤
5903,이동원
5904,송가진
5905,윤장재
5906,장혜린
5907,황현택
5908,한지린
5909,나성긴
5910,권현연
5911,강원유
5912,이미영
5913,안하후
5914,노태주
5915,전준긴
5916,김저우
5917,조운재
5918,김유진
5919,강간진
5920,문지경
5921,김형영
5922,윤혜연
5923,이민성
5924,김지연
5925,김찬후
5926,이소윤
5927,곽순원
5928,신연리
5929,주형현
5930,손다도
5931,김조몬
5932,박서린
5933,최유현
5934,최소연
5935,박연화
5936,전주연
5937,이성찬
5938,허세원
5939,조주준
5940,천서희
5941,이한찬
5942,남도수
5943,이성석
5944,전형연
5945,이상석
5946,신가수
5947,이주준
5948,정연전
5949,조진석
5950,정유지
5951,김전영
5952,박혜민
5953,인영용
5954,이주아
5955,장경민
5956,최주윤
5957,조민연
5958,김희연
5959,최세민
5960,임채현
5961,이병호
5962,김차서
5963,이병용
5964,김지현
5965,김승환
5966,이은원
5967,연사석
5968,권주연
5969,허주현
5970,진주원
5971,김인규
5972,유현아
5973,심현운
5974,김저현
5975,김강환
5976,송서아
5977,조정수
5978,유가우
5979,황현규
5980,황초은
5981,정경경
5982,유서서
5983,남민민
5984,이소영
5985,전현석
5986,안지윤
5987,윤진승
5988,서민경
5989,정형후
5990,진서희
5991,최형원
5992,강세은
5993,김세주
5994,조유지
5995,최양원
5996,임지연
5997,김진민
5998,임다연
5999,변해연
6000,강윤진
6001,이재우
6002,박선연
6003,임민슨
6004,이새현
6005,류전수
6006,박미진
6007,김찬환
6008,백예서
6009,조수연
6010,유혜연
6011,전상현
6012,이지진
6013,이주제
6014,정유현
6015,김준관
6016,전승연
6017,장상연
6018,김수지
6019,박대현
6020,김호련
6021,홍찬민
6022,김태윤
6023,전영존
6024,조지연
6025,이지완
6026,최하현
6027,강지인
6028,이은윤
6029,주재원
6030,임지은
6031,손민호
6032,양유양
6033,조전진
6034,김희연
6035,홍서호
6036,김현현
6037,서훈진
6038,정서희
6039,전주한
6040,류소은
6041,김운진
6042,오수견
6043,박희오
6044,국하연
6045,강종천
6046,류유신
6047,조횽진
6048,김유은
6049,강필섭
6050,박채연
6051,임승구
6052,장보경
6053,최민숙
6054,김민현
6055,강태준
6056,서유현
6057,염민진
6058,정유이
6059,이상후
6060,임민연
6061,최성한
6062,이혜진
6063,김현윤
6064,이수서
6065,이주현
6066,안주지
6067,이민헉
6068,이혜민
6069,심성준
6070,염지현
6071,이정호
6072,이주연
6073,이민관
6074,윤서현
6075,백성현
6076,김희진
6077,유효준
6078,정지현
6079,조재빈
6080,김자연
6081,최원태
6082,정연연
6083,김성균
6084,김태연
6085,김정재
6086,이서저
6087,이대수
6088,이다리
6089,한기호
6090,배하은
6091,김동준
6092,정소원
6093,김재환
6094,김지현
6095,한진현
6096,김사현
6097,정형민
6098,서혜진
6099,김완현
6100,김수현
6101,박도민
6102,박서은
6103,조기민
6104,원주연
6105,김황준
6106,김해연
6107,김휘권
6108,공수예
6109,전형민
6110,김차윤
6111,김기지
6112,김예운
6113,주찬호
6114,조유연
6115,이성석
6116,이규저
6117,김대현
6118,오지민
6119,이겅혼
6120,김서린
6121,최승후
6122,지채영
6123,조봉호
6124,최소우
6125,정정영
6126,황간빈
6127,박경검
6128,전예원
6129,이춘낭
6130,윤수정
6131,박연운
6132,이태민
6133,이성준
6134,황미민
6135,장준원
6136,김혜비
6137,백처현
6138,남언현
6139,배산민
6140,이유정
6141,권동소
6142,김근윤
6143,김지진
6144,김서진
6145,최승현
6146,김저경
6147,유현준
6148,조규연
6149,송원원
6150,김시서
6151,박정호
6152,박지서
6153,강인희
6154,최지원
6155,조승희
6156,신지저
6157,이성천
6158,최현은
6159,유승희
6160,김현서
6161,이조석
6162,이혜서
6163,윤주현
6164,이하리
6165,김동학
6166,이고서
6167,최과성
6168,박채선
6169,이상채
6170,원지은
6171,고조난
6172,이저연
6173,박준연
6174,신주우
6175,장태운
6176,강민린
6177,김현진
6178,김푸연
6179,백성한
6180,한예윤
6181,황부민
6182,최현서
6183,곽정준
6184,한가빈
6185,김상원
6186,박새현
6187,허겅혁
6188,김주원
6189,김대구
6190,김예현
6191,김상석
6192,하주민
6193,이상호
6194,배다연
6195,조필운
6196,김은린
6197,김병환
6198,이수연
6199,최겅운
6200,엄혜윤
6201,김경현
6202,권나윤
6203,서태훈
6204,민소리
6205,이이희
6206,최민연
6207,오윤주
6208,이하현
6209,권형진
6210,이서연
6211,진겅석
6212,김수연
6213,최광현
6214,박유연
6215,윤성우
6216,이희경
6217,박주로
6218,최지아
6219,조상찬
6220,장세현
6221,백선호
6222,신소빈
6223,김정허
6224,강예희
6225,이준주
6226,이수련
6227,권성재
6228,남희현
6229,황승한
6230,김예예
6231,김동관
6232,성다재
6233,손희진
6234,강원안
6235,강도로
6236,최나연
6237,신상훈
6238,박민수
6239,김정훈
6240,천수서
6241,배한은
6242,김성은
6243,이정운
6244,임효채
6245,서승유
6246,허하연
6247,윤동주
6248,신예현
6249,김신환
6250,여수리
6251,송진찬
6252,홍지은
6253,김성찬
6254,김서민
6255,이희균
6256,곽유민
6257,노양현
6258,박주린
6259,박찬준
6260,조은빈
6261,오원인
6262,허태저
6263,김정유
6264,현수신
6265,홍대환
6266,김유희
6267,유찬수
6268,정민연
6269,이항청
6270,이민은
6271,강봉도
6272,이영린
6273,김상현
6274,고지현
6275,이재석
6276,김수민
6277,김연신
6278,김수진
6279,김인타
6280,김채원
6281,구주준
6282,정지솔
6283,이민균
6284,박승린
6285,조태형
6286,유수희
6287,최전연
6288,박예호
6289,임창운
6290,박태윤
6291,김창현
6292,정예린
6293,오성준
6294,이주서
6295,박청우
6296,오승진
6297,오태준
6298,이주아
6299,이동현
6300,이지주
6301,이기석
6302,정승저
6303,오운원
6304,김하원
6305,김세린
6306,신지빈
6307,심대호
6308,편태아
6309,전재태
6310,조혜지
6311,김상주
6312,심지원
6313,최정우
6314,윤시희
6315,남벙굥
6316,백소민
6317,문용준
6318,신예연
6319,김연긴
6320,이혜연
6321,김호우
6322,김수진
6323,김주철
6324,황유은
6325,박희신
6326,장은연
6327,김상훈
6328,성지윤
6329,김세연
6330,이유현
6331,박병운
6332,신희저
6333,김견권
6334,유세진
6335,이형현
6336,최은성
6337,김상운
6338,정서리
6339,김현재
6340,박다린
6341,권경혼
6342,윤소효
6343,강희현
6344,최은윤
6345,정병운
6346,성주현
6347,한병주
6348,박민수
6349,김기진
6350,이희인
6351,김동석
6352,정시진
6353,김도주
6354,김지원
6355,이홍인
6356,정수경
6357,김조현
6358,곽보우
6359,이성준
6360,신지안
6361,노성헌
6362,이재소
6363,김성주
6364,주민은
6365,최성호
6366,김유윤
6367,이동규
6368,김서연
6369,양상현
6370,문성주
6371,김지호
6372,문서진
6373,김재숙
6374,손희현
6375,천현근
6376,박미경
6377,나창훈
6378,신혜동
6379,김동성
6380,이현빈
6381,이지억
6382,최유민
6383,김규찬
6384,박채원
6385,허자천
6386,백민희
6387,박현태
6388,김지주
6389,김웅진
6390,송연윤
6391,문진규
6392,신근원
6393,홍운형
6394,박유민
6395,정영성
6396,장지빈
6397,김형숙
6398,민희은
6399,최재우
6400,유고연
6401,유현규
6402,백수솔
6403,최슨준
6404,양미련
6405,변기영
6406,임희민
6407,윤원완
6408,이서원
6409,임영헌
6410,이승주
6411,신윤간
6412,김민영
6413,권진도
6414,임예우
6415,김태우
6416,권수린
6417,이태호
6418,양소진
6419,여병준
6420,이연원
6421,박해림
6422,변수지
6423,김겅호
6424,박예윤
6425,한헝민
6426,김소인
6427,김성민
6428,송성나
6429,임현형
6430,천예경
6431,방전운
6432,박다민
6433,신재운
6434,전지민
6435,신신훈
6436,백서인
6437,임동민
6438,문서현
6439,김상승
6440,박지은
6441,김지희
6442,이혜은
6443,김진석
6444,김최진
6445,최동관
6446,손혜연
6447,안인우
6448,정현희
6449,신세현
6450,최민영
6451,유수주
6452,최수주
6453,강준구
6454,우세은
6455,김민훈
6456,추연경
6457,이승규
6458,김가연
6459,정건태
6460,정지연
6461,최진희
6462,최소린
6463,김유운
6464,황수원
6465,어긴석
6466,윤하혜
6467,이정범
6468,백채희
6469,설태준
6470,서지린
6471,최창긴
6472,손윤인
6473,박재문
6474,김은연
6475,김성원
6476,이사빈
6477,조종근
6478,임현서
6479,안재현
6480,김현진
6481,지태성
6482,임윤빈
6483,김희훈
6484,류지주
6485,최재환
6486,정슨연
6487,황겅준
6488,김서인
6489,윤병긴
6490,이유신
6491,이형환
6492,김세희
6493,신인덩
6494,김소주
6495,김승민
6496,이연윤
6497,김경현
6498,이수진
6499,박운재
6500,이지은
6501,정정신
6502,배수희
6503,박연몬
6504,김주진
6505,최광연
6506,신채선
6507,전전견
6508,송가빈
6509,윤재환
6510,박현빈
6511,이정환
6512,황민영
6513,이재성
6514,김현은
6515,김대우
6516,정나연
6517,홍성신
6518,김지연
6519,방재호
6520,박연은
6521,이관호
6522,이하영
6523,전용훅
6524,오나연
6525,박형윤
6526,이윤은
6527,정도현
6528,최현희
6529,고윤리
6530,권유주
6531,임대유
6532,허진원
6533,김진우
6534,김수연
6535,김원웅
6536,이서나
6537,정연원
6538,박수경
6539,전민훈
6540,전아효
6541,김형숙
6542,임도빈
6543,한지호
6544,박나원
6545,김횽현
6546,김가주
6547,김요은
6548,이세은
6549,강성연
6550,공수빈
6551,김관민
6552,고지원
6553,김겅해
6554,권다서
6555,황동재
6556,배소경
6557,이차호
6558,길예서
6559,박광존
6560,이민빈
6561,고준현
6562,김예정
6563,허슨조
6564,이시진
6565,곽연숙
6566,전다원
6567,신창재
6568,김민은
6569,양남석
6570,하유민
6571,김성준
6572,김수민
6573,김성후
6574,한오정
6575,서동숭
6576,황서서
6577,김상현
6578,김세인
6579,김재헉
6580,김효빈
6581,박찬현
6582,편수아
6583,손주한
6584,김지희
6585,차상석
6586,송유원
6587,방규성
6588,김지영
6589,김민원
6590,서세우
6591,김해백
6592,김세연
6593,김동우
6594,이재윤
6595,이성관
6596,이시연
6597,임주우
6598,강소린
6599,김겅환
6600,김예영
6601,정동찬
6602,신어혜
6603,백호호
6604,홍서현
6605,송창민
6606,이수빈
6607,김형우
6608,강지빈
6609,이유근
6610,이가수
6611,전정운
6612,이주진
6613,조종인
6614,이주연
6615,한규환
6616,송서빈
6617,김성빈
6618,이혜빈
6619,최요현
6620,이지하
6621,문긍호
6622,김지림
6623,최민근
6624,김유수
6625,윤재호
6626,이수진
6627,정준진
6628,정예연
6629,오동진
6630,유은원
6631,강면호
6632,서현서
6633,배승헌
6634,배유미
6635,김승과
6636,윤아은
6637,박운연
6638,윤채윤
6639,김찬운
6640,최연주
6641,윤윤준
6642,김예연
6643,김영규
6644,김세인
6645,최민준
6646,유저수
6647,김지현
6648,박은주
6649,김병원
6650,민슨인
6651,장성현
6652,정수솔
6653,김재온
6654,문수리
6655,김정조
6656,서소지
6657,최민석
6658,이다늘
6659,송제성
6660,강유리
6661,이상호
6662,정주은
6663,신태환
6664,김서빈
6665,박정대
6666,송예현
6667,김태주
6668,권서진
6669,허광사
6670,이세리
6671,김재현
6672,양수연
6673,한성근
6674,김민원
6675,강재우
6676,임하연
6677,강만빈
6678,김유인
6679,이인성
6680,정유린
6681,김봉타
6682,윤나희
6683,문조현
6684,신예하
6685,차형민
6686,김수연
6687,한민영
6688,신민연
6689,윤도인
6690,김지린
6691,노연완
6692,박민서
6693,이항원
6694,정수원
6695,황성준
6696,조민원
6697,조종민
6698,백민원
6699,정호현
6700,김지현
6701,김친왕
6702,김지원
6703,박수현
6704,최혜민
6705,배주현
6706,김다예
6707,김영면
6708,김슨민
6709,장택한
6710,최주연
6711,이준휘
6712,박예아
6713,우당균
6714,김소나
6715,진성규
6716,이미진
6717,김재운
6718,이시빈
6719,이준인
6720,손지민
6721,이지준
6722,김아연
6723,박영완
6724,하윤서
6725,신동재
6726,김채은
6727,장봉원
6728,김민연
6729,송동문
6730,배예빈
6731,정준현
6732,김민정
6733,최홍원
6734,신다주
6735,나형찬
6736,고하견
6737,강운민
6738,서승서
6739,오승석
6740,조은윤
6741,전찬원
6742,곽윤주
6743,박성경
6744,이하원
6745,김홍진
6746,허소수
6747,윤진민
6748,김혜연
6749,신지호
6750,이주윤
6751,정동혁
6752,이민원
6753,정승훈
6754,배연안
6755,김관윤
6756,장지주
6757,송견현
6758,권서리
6759,조용고
6760,김벼현
6761,고재석
6762,이수민
6763,유규리
6764,손유솔
6765,이진준
6766,정해경
6767,안민우
6768,김민원
6769,이경타
6770,전연아
6771,조시윤
6772,최혜연
6773,이영현
6774,권희빈
6775,김유인
6776,조은현
6777,김요현
6778,김지민
6779,강태규
6780,서세원
6781,박필준
6782,손지혜
6783,강상재
6784,이미현
6785,윤긍환
6786,최연원
6787,김준민
6788,박지연
6789,김승혹
6790,전민나
6791,윤인현
6792,박채현
6793,유항필
6794,신호현
6795,우순한
6796,위희인
6797,최우인
6798,류윤민
6799,조창우
6800,조초진
6801,김지재
6802,하지연
6803,임동우
6804,윤혜서
6805,이주헌
6806,안수지
6807,김운준
6808,김채경
6809,김재민
6810,김나서
6811,김현현
6812,정예하
6813,이재덩
6814,이민현
6815,김희석
6816,최무현
6817,최정석
6818,김현연
6819,윤현진
6820,윤초린
6821,정용원
6822,최수경
6823,허홍난
6824,김조은
6825,안원호
6826,이유진
6827,이형민
6828,김혜하
6829,정윤찬
6830,박유서
6831,임견현
6832,유가지
6833,박형준
6834,임예연
6835,박연준
6836,이승서
6837,유희호
6838,김하희
6839,이규우
6840,정서호
6841,이우혹
6842,정예인
6843,김준주
6844,조유진
6845,권재훈
6846,김무원
6847,윤대빈
6848,박소라
6849,신진환
6850,손민라
6851,이진오
6852,김서진
6853,강준규
6854,황시원
6855,김왕긴
6856,김승연
6857,최재영
6858,김민하
6859,김희철
6860,김주혜
6861,조정운
6862,안지연
6863,김성우
6864,정혜현
6865,차두재
6866,박서빈
6867,박동변
6868,김지영
6869,전병연
6870,김아라
6871,김주윤
6872,손가영
6873,주진재
6874,유지주
6875,최지준
6876,최수은
6877,정랑연
6878,한시진
6879,김명현
6880,최슨리
6881,김조조
6882,박민린
6883,손태한
6884,이혜원
6885,조성현
6886,허가민
6887,조겅균
6888,박지서
6889,차도호
6890,박서나
6891,송조영
6892,최예성
6893,이광섭
6894,남수진
6895,김태빈
6896,김가혜
6897,이종준
6898,이은지
6899,최대순
6900,김지현
6901,김현영
6902,황지우
6903,허병규
6904,정현민
6905,최현연
6906,강서진
6907,유성군
6908,정휘은
6909,이정핵
6910,오혜현
6911,장지상
6912,이민은
6913,김현우
6914,조수정
6915,김주조
6916,양지연
6917,장진민
6918,김혜민
6919,신진운
6920,최다은
6921,홍승인
6922,하혜지
6923,정휘현
6924,윤미안
6925,조현석
6926,이예주
6927,최신청
6928,이민안
6929,양형현
6930,최수희
6931,서성현
6932,박채지
6933,장현주
6934,서수연
6935,박숭훈
6936,주채연
6937,김세준
6938,오재경
6939,최찬구
6940,심지서
6941,이주굥
6942,윤은재
6943,정현청
6944,이윤연
6945,최현현
6946,최윤연
6947,김이용
6948,홍소은
6949,김상규
6950,주가지
6951,이상현
6952,이서정
6953,허견진
6954,노현다
6955,윤홍석
6956,소지원
6957,이현연
6958,김유경
6959,함준현
6960,장현민
6961,서민연
6962,오민란
6963,천성원
6964,배지경
6965,한은인
6966,정시경
6967,윤지운
6968,임서현
6969,황준엉
6970,박초원
6971,박준준
6972,박서진
6973,우태삭
6974,박서원
6975,임재균
6976,김지혜
6977,심준현
6978,정태은
6979,김형유
6980,홍유나
6981,정승호
6982,이유진
6983,김정주
6984,변송원
6985,문성수
6986,백현린
6987,이성민
6988,최서린
6989,김호원
6990,김차채
6991,김승빈
6992,이희현
6993,김이민
6994,정소원
6995,정견현
6996,이유은
6997,안친웅
6998,황저현
6999,서재진
7000,윤지연
7001,박지웅
7002,심서늘
7003,김성현
7004,서예채
7005,백종연
7006,손수희
7007,배성규
7008,이혀희
7009,김원준
7010,한민빈
7011,신대진
7012,황지민
7013,임용기
7014,최저은
7015,유시흔
7016,서혜원
7017,김연운
7018,배소연
7019,이인현
7020,김은인
7021,조채준
7022,김지현
7023,김동연
7024,김소연
7025,이승성
7026,김채예
7027,김항재
7028,방가현
7029,김주천
7030,주예수
7031,정현운
7032,황수저
7033,차연규
7034,공지아
7035,최승균
7036,박지원
7037,홍정원
7038,이혜서
7039,강도현
7040,이보경
7041,한현현
7042,김유우
7043,임병성
7044,김유경
7045,김인석
7046,김소경
7047,김재태
7048,권연은
7049,우윤재
7050,김유인
7051,황형운
7052,오아신
7053,박항희
7054,정주현
7055,박태훈
7056,박예아
7057,전원민
7058,김민은
7059,이용원
7060,이희진
7061,이기준
7062,김소비
7063,이진수
7064,이하빈
7065,서석현
7066,전예양
7067,손광현
7068,김희서
7069,배형석
7070,이서진
7071,오균준
7072,김시원
7073,김민진
7074,이준서
7075,정승주
7076,신서경
7077,이윤원
7078,권서은
7079,이준민
7080,정은현
7081,유예찬
7082,정보연
7083,김관준
7084,문미주
7085,김벙호
7086,최혜린
7087,김지준
7088,박다희
7089,김성진
7090,양효경
7091,김진화
7092,유유희
7093,박영현
7094,차은민
7095,윤상우
7096,이소주
7097,배지운
7098,이민민
7099,배진현
7100,이하연
7101,강정용
7102,이보영
7103,이영찬
7104,정서경
7105,장정순
7106,이지은
7107,심예호
7108,김새연
7109,문민도
7110,김재인
7111,이재정
7112,이승연
7113,박과훈
7114,이미민
7115,이지현
7116,박연원
7117,강영후
7118,김유연
7119,엄성변
7120,김윤민
7121,신성성
7122,홍연아
7123,양주신
7124,고예영
7125,정태호
7126,최소진
7127,김차진
7128,박수원
7129,배지천
7130,이서주
7131,소지우
7132,오수우
7133,정정준
7134,최저연
7135,우응호
7136,소지민
7137,이홍규
7138,전혜은
7139,이왕형
7140,최원지
7141,이낭성
7142,정인현
7143,김재현
7144,김저희
7145,정홍난
7146,선유윤
7147,박창우
7148,조예민
7149,원현원
7150,윤유윤
7151,전주원
7152,김지인
7153,임효택
7154,류주비
7155,이종환
7156,김규주
7157,박지수
7158,이다리
7159,김준민
7160,이수윤
7161,정덩현
7162,장인현
7163,정용관
7164,윤미윤
7165,김세진
7166,손지원
7167,최영민
7168,서연현
7169,임우운
7170,정처수
7171,이재주
7172,조지하
7173,이민원
7174,유혜안
7175,임운민
7176,이민빈
7177,박성섬
7178,임규수
7179,김태웅
7180,윤윤민
7181,양병현
7182,이지연
7183,박도균
7184,백다나
7185,엄홍운
7186,허희현
7187,노호승
7188,문서주
7189,박상성
7190,이연진
7191,최관균
7192,이나은
7193,최주성
7194,손채은
7195,주원근
7196,신나연
7197,윤민찬
7198,강미인
7199,정동연
7200,서나연
7201,방동천
7202,박현우
7203,조경혁
7204,김예경
7205,고민헌
7206,문미혜
7207,정재후
7208,이민민
7209,김대제
7210,황혜은
7211,이항제
7212,최미민
7213,조상현
7214,김유나
7215,황양수
7216,이은희
7217,조영민
7218,이저윤
7219,김승훈
7220,이수현
7221,오희환
7222,한채지
7223,박형진
7224,이유연
7225,성배몬
7226,조지민
7227,홍용찬
7228,홍서린
7229,최벙준
7230,유유다
7231,안병민
7232,정유현
7233,손주주
7234,김소민
7235,한승준
7236,한예림
7237,최진성
7238,이저은
7239,신준환
7240,정주희
7241,조형숙
7242,손민연
7243,김윤숭
7244,이민진
7245,김경성
7246,성유정
7247,최귀우
7248,정서빈
7249,김태영
7250,홍유현
7251,윤정숭
7252,원서윤
7253,임선준
7254,박서선
7255,문준우
7256,김유현
7257,한호호
7258,김예원
7259,정현운
7260,백은린
7261,서재전
7262,김소경
7263,조태성
7264,김서원
7265,류견민
7266,강지주
7267,최재영
7268,임민지
7269,이용재
7270,송혜은
7271,전지민
7272,배유현
7273,고동현
7274,김민정
7275,고민수
7276,유규빈
7277,전경환
7278,정저연
7279,박호민
7280,한주진
7281,이전석
7282,김유현
7283,장진관
7284,하은연
7285,성주우
7286,최연민
7287,서세근
7288,백서린
7289,박진훈
7290,김유주
7291,옥동수
7292,김슨혜
7293,채권원
7294,안지연
7295,서경민
7296,임세연
7297,강상영
7298,박예현
7299,지민조
7300,임서연
7301,안성원
7302,변소원
7303,정현유
7304,이연은
7305,박대유
7306,손연아
7307,홍전견
7308,박도경
7309,이성진
7310,김지지
7311,박경운
7312,김현연
7313,손성현
7314,천소은
7315,김전원
7316,이수린
7317,모원우
7318,박희현
7319,이경환
7320,김예희
7321,양벙환
7322,오지원
7323,이강우
7324,박나정
7325,백영운
7326,염민빈
7327,정성휘
7328,정새현
7329,김예준
7330,박주인
7331,손은면
7332,이서연
7333,백주지
7334,박유린
7335,박영찬
7336,신보순
7337,김연민
7338,지소언
7339,배성찬
7340,이이진
7341,윤성인
7342,이나진
7343,조준현
7344,안현현
7345,김승진
7346,이채린
7347,최균민
7348,강다주
7349,이동린
7350,홍혜은
7351,여형준
7352,이지원
7353,류창언
7354,신미진
7355,배동흔
7356,김세은
7357,유주현
7358,임예현
7359,김필운
7360,김소빈
7361,박승우
7362,김채현
7363,장창호
7364,유시인
7365,서시훈
7366,김서연
7367,한창헌
7368,김서연
7369,박태영
7370,이세서
7371,박숭운
7372,이유연
7373,이동훈
7374,박수은
7375,김종주
7376,김다연
7377,이제윤
7378,하서진
7379,설태현
7380,유민빈
7381,김혜석
7382,박지연
7383,김동숙
7384,김세진
7385,김회우
7386,박민진
7387,양승면
7388,박다연
7389,손겅민
7390,임하현
7391,배선현
7392,이유윤
7393,김민준
7394,이채은
7395,김병태
7396,권가진
7397,김성연
7398,송초서
7399,김태민
7400,서하나
7401,김경규
7402,김성은
7403,추상희
7404,박소민
7405,이운준
7406,오소현
7407,김봉우
7408,김승지
7409,전미미
7410,김희민
7411,장민운
7412,구소진
7413,박원민
7414,이수예
7415,박현호
7416,배유연
7417,최재영
7418,장세서
7419,장민성
7420,서도희
7421,장동홍
7422,송수연
7423,김당태
7424,장서주
7425,최운근
7426,이지재
7427,손원로
7428,박수원
7429,최이민
7430,문지빈
7431,최용원
7432,이지현
7433,윤연혁
7434,한유현
7435,곽현성
7436,김서나
7437,윤중희
7438,권유경
7439,진한민
7440,김세인
7441,양동주
7442,양윤민
7443,민두진
7444,신서경
7445,박민수
7446,강예영
7447,박지연
7448,임희인
7449,오진천
7450,김은준
7451,정원환
7452,김민나
7453,정민번
7454,김다진
7455,허주민
7456,임다라
7457,이혜형
7458,박유라
7459,김성운
7460,이윤현
7461,서동석
7462,김가은
7463,이재준
7464,박세지
7465,강주환
7466,김저빈
7467,유현찬
7468,이예경
7469,장지현
7470,나하형
7471,이동홍
7472,한예현
7473,김형휸
7474,신희연
7475,김재훈
7476,허채은
7477,박희후
7478,진주연
7479,송민서
7480,정하혜
7481,김영원
7482,구시은
7483,오동성
7484,임민진
7485,김현규
7486,정서양
7487,이병호
7488,유민연
7489,원중기
7490,강혜연
7491,김친훈
7492,김서재
7493,김현영
7494,임수현
7495,조동용
7496,박민령
7497,이현주
7498,김미나
7499,남우세
7500,안보서
7501,김기연
7502,권지린
7503,정상현
7504,이유원
7505,백창환
7506,배저서
7507,김한유
7508,최시인
7509,김순래
7510,심민수
7511,김민헌
7512,노서현
7513,이찬석
7514,송세민
7515,백한현
7516,손재주
7517,김태훈
7518,조수신
7519,김주환
7520,장다진
7521,이항성
7522,이채원
7523,최대훈
7524,류은연
7525,김태후
7526,변예빈
7527,김민우
7528,김수연
7529,오동석
7530,박혜흔
7531,김찬현
7532,우수현
7533,박정관
7534,지다은
7535,박민현
7536,김주진
7537,이태주
7538,한연주
7539,김주규
7540,양유윤
7541,박운태
7542,권민희
7543,유병숙
7544,김서주
7545,고관현
7546,박소수
7547,권창수
7548,서현현
7549,박민수
7550,김주연
7551,유주현
7552,홍호경
7553,정재현
7554,김도연
7555,강준현
7556,김다원
7557,천유홍
7558,이수연
7559,여전성
7560,서희빈
7561,원동성
7562,남주수
7563,김태리
7564,임윤서
7565,조영민
7566,이나진
7567,김사인
7568,최희소
7569,방성규
7570,박혜린
7571,이승겅
7572,조민원
7573,양희생
7574,유민은
7575,신재환
7576,김이현
7577,송미원
7578,유소지
7579,이민표
7580,송유진
7581,정상균
7582,모지화
7583,신원한
7584,이견서
7585,박민호
7586,이주서
7587,서동빈
7588,손민연
7589,박상민
7590,오세경
7591,김재재
7592,유미주
7593,최요빈
7594,정지원
7595,윤세호
7596,김은빈
7597,김민우
7598,김혜민
7599,김민린
7600,류아민
7601,김종재
7602,유서희
7603,전성영
7604,유호연
7605,전근윤
7606,이아원
7607,김재진
7608,방서빈
7609,최홍홍
7610,김민인
7611,최홍본
7612,심서윤
7613,서승조
7614,김주진
7615,임태번
7616,남지주
7617,김희운
7618,박수현
7619,권잔석
7620,최희나
7621,이성우
7622,도소연
7623,조지석
7624,김수련
7625,박주운
7626,김도연
7627,변도운
7628,오민연
7629,이상환
7630,장서슨
7631,조견소
7632,김고양
7633,김민용
7634,황혜우
7635,김동견
7636,최은안
7637,김평변
7638,김민운
7639,금상기
7640,심서연
7641,정민도
7642,안유서
7643,김주혼
7644,고지빈
7645,송승호
7646,김유윤
7647,강병운
7648,이나영
7649,신세원
7650,유하진
7651,한원훈
7652,방민연
7653,김형현
7654,김윤희
7655,엄우호
7656,한민원
7657,이태기
7658,김미지
7659,강영모
7660,강유원
7661,김상우
7662,송인민
7663,김승호
7664,박지영
7665,이정석
7666,서지연
7667,윤태석
7668,마유연
7669,이상범
7670,엄주원
7671,홍환재
7672,이지우
7673,신동연
7674,이나희
7675,김운형
7676,천예래
7677,박승호
7678,김채진
7679,조동숭
7680,이오연
7681,김상석
7682,김가연
7683,이형민
7684,양예윤
7685,도상현
7686,최수은
7687,서우완
7688,배민빈
7689,송태주
7690,장서은
7691,김유완
7692,박지영
7693,성병진
7694,최희서
7695,홍운준
7696,강서윤
7697,박성연
7698,공혜연
7699,박긴용
7700,강채희
7701,최유인
7702,김민진
7703,정재진
7704,최의연
7705,조성운
7706,김성은
7707,구순성
7708,김예서
7709,서영수
7710,강예현
7711,안성주
7712,배저연
7713,민주성
7714,이수연
7715,오굥태
7716,김수서
7717,강요현
7718,우가진
7719,한잔원
7720,박수진
7721,남저요
7722,이시하
7723,전현근
7724,장민나
7725,김진우
7726,이소빈
7727,서동겅
7728,성가연
7729,장태석
7730,유윤안
7731,황상래
7732,권저은
7733,김정우
7734,성지서
7735,박동찬
7736,한다진
7737,지겅진
7738,장연저
7739,박응섭
7740,김다빈
7741,윤과준
7742,주성연
7743,임현성
7744,이지주
7745,최승호
7746,이민인
7747,최영민
7748,박차빈
7749,신지수
7750,진하경
7751,하세세
7752,지미진
7753,안나규
7754,윤지영
7755,이기제
7756,정슨연
7757,박정희
7758,차희주
7759,유재민
7760,이희민
7761,권지긴
7762,원세나
7763,양재철
7764,오이주
7765,박경빈
7766,권지현
7767,박영진
7768,김은원
7769,김간용
7770,박저빈
7771,최요우
7772,이주영
7773,이정운
7774,김고지
7775,김주훈
7776,하민빈
7777,정재영
7778,장연연
7779,전규현
7780,이시연
7781,정정현
7782,함유채
7783,신응한
7784,이채연
7785,최세형
7786,정지현
7787,강수준
7788,이보진
7789,남진준
7790,염소진
7791,문진한
7792,박저준
7793,송원빈
7794,강성우
7795,이태찬
7796,신지경
7797,양연호
7798,안현예
7799,김서보
7800,김지은
7801,임승훈
7802,박민윤
7803,장민현
7804,김수애
7805,박기원
7806,라현경
7807,이동현
7808,이가서
7809,나전수
7810,김효현
7811,박희현
7812,신지민
7813,박원숭
7814,김소은
7815,김창환
7816,송윤애
7817,황웅현
7818,최주은
7819,한민연
7820,서소윤
7821,이상호
7822,이서은
7823,양명순
7824,김지경
7825,홍창수
7826,신서주
7827,곽현찬
7828,김지진
7829,박하훈
7830,전시은
7831,김전기
7832,홍예원
7833,김정현
7834,임서경
7835,김성석
7836,강서채
7837,황도성
7838,박수빈
7839,강상성
7840,박수연
7841,박준영
7842,이나연
7843,최희제
7844,김지연
7845,인승현
7846,박미우
7847,양원훈
7848,장서나
7849,이겅지
7850,고우진
7851,박혜훈
7852,최주은
7853,장횽현
7854,강지민
7855,박동재
7856,정서연
7857,장순혁
7858,박예현
7859,박예현
7860,조세성
7861,이태현
7862,유다연
7863,박민준
7864,조지현
7865,공재연
7866,정재아
7867,김형쟁
7868,김연현
7869,이연민
7870,방세서
7871,임관주
7872,성민서
7873,강산도
7874,이은린
7875,김겅재
7876,신현진
7877,이성현
7878,이윤윤
7879,황형훈
7880,신예연
7881,김선빈
7882,강윤희
7883,서형호
7884,임혜연
7885,이승원
7886,김소연
7887,여남운
7888,안저진
7889,조진식
7890,한의경
7891,박민찬
7892,오지연
7893,배응범
7894,손서연
7895,최훈운
7896,이지연
7897,박영순
7898,김인연
7899,박용호
7900,박유주
7901,김전긴
7902,변슨진
7903,고창형
7904,이서연
7905,김진운
7906,이서영
7907,김종련
7908,김유연
7909,조차윤
7910,윤성주
7911,박상석
7912,이아연
7913,박성준
7914,엄지빈
7915,이성호
7916,김소지
7917,박대현
7918,박다서
7919,원현원
7920,최유진
7921,김운진
7922,이채현
7923,윤우진
7924,김보나
7925,박현운
7926,김혜현
7927,이성훈
7928,성수민
7929,편상훈
7930,이다안
7931,이관민
7932,이지솔
7933,이현상
7934,이하아
7935,최태준
7936,문예은
7937,이낭구
7938,장무리
7939,허태찬
7940,김민빈
7941,이동후
7942,고민진
7943,천찬긴
7944,박주소
7945,권영규
7946,이민현
7947,권승민
7948,김소희
7949,안운균
7950,최예연
7951,강연혁
7952,김유원
7953,이수현
7954,김가연
7955,권도우
7956,박차서
7957,이호현
7958,김재저
7959,김긴균
7960,이수겅
7961,이재현
7962,조저빈
7963,이면민
7964,고의아
7965,이훈승
7966,김지연
7967,이승준
7968,김초희
7969,최주문
7970,마다민
7971,정정연
7972,채혜린
7973,박운항
7974,황희수
7975,홍경원
7976,원지서
7977,전전민
7978,최지민
7979,정친구
7980,이연영
7981,조진성
7982,홍세연
7983,유승민
7984,박새경
7985,이응민
7986,조승영
7987,박군긴
7988,정혜연
7989,김성빈
7990,김아희
7991,이이훈
7992,김유안
7993,여재시
7994,이은민
7995,천진준
7996,현수희
7997,송연석
7998,도지원
7999,김시석
8000,김가은
8001,신동조
8002,배은연
8003,하현인
8004,민소은
8005,정창인
8006,유서아
8007,허태준
8008,김은빈
8009,위민형
8010,김규민
8011,박성수
8012,박유원
8013,이채운
8014,김주화
8015,남찬재
8016,안나다
8017,박성우
8018,권하원
8019,최구헌
8020,윤태현
8021,전현호
8022,서태민
8023,조종성
8024,이유현
8025,정승석
8026,유가연
8027,차성신
8028,남저빈
8029,이상호
8030,박도민
8031,이원억
8032,유세희
8033,김민빈
8034,이이연
8035,김병환
8036,이현애
8037,조긴석
8038,김규하
8039,한태덩
8040,유현연
8041,이용주
8042,곽채인
8043,박형빈
8044,김소경
8045,이병운
8046,김현인
8047,김현홍
8048,강아은
8049,김태번
8050,장다경
8051,박민형
8052,곽주나
8053,임승청
8054,남원현
8055,김재석
8056,박유진
8057,김성영
8058,차지서
8059,주지보
8060,김서어
8061,이윤구
8062,이서림
8063,임긴현
8064,문서린
8065,양형료
8066,조혜하
8067,고동현
8068,이연주
8069,박주후
8070,이소진
8071,김승운
8072,양서민
8073,정윤한
8074,장은우
8075,배태운
8076,최유아
8077,정병빈
8078,신시서
8079,김미혹
8080,이가진
8081,김준찬
8082,문수윤
8083,손동석
8084,손소연
8085,안지헝
8086,안재현
8087,박동견
8088,김지연
8089,최연석
8090,김하희
8091,조용연
8092,문유원
8093,임봉수
8094,최유린
8095,신상희
8096,고지나
8097,김승환
8098,김지현
8099,김엉호
8100,김해원
8101,정정민
8102,홍다진
8103,김영주
8104,조서은
8105,김희수
8106,정나윤
8107,강희규
8108,문미연
8109,신재준
8110,박수진
8111,박계현
8112,김세희
8113,박동석
8114,김보진
8115,김재엉
8116,이은라
8117,김승현
8118,박혜원
8119,이태준
8120,김소지
8121,권전훈
8122,최저주
8123,이성용
8124,김서연
8125,강장번
8126,최저서
8127,황동이
8128,이예인
8129,박동현
8130,문지채
8131,지민혼
8132,김저현
8133,임도유
8134,박지민
8135,임재진
8136,이하혜
8137,이종후
8138,남민한
8139,김조현
8140,황소원
8141,류태진
8142,홍수은
8143,강주원
8144,홍지연
8145,서재관
8146,최혜한
8147,배규믹
8148,김도연
8149,안재수
8150,최유서
8151,김대용
8152,김응연
8153,서동숭
8154,박정진
8155,이재주
8156,김보정
8157,김종원
8158,오슨연
8159,권신우
8160,국지희
8161,이친후
8162,신보원
8163,장준연
8164,정저린
8165,주봉구
8166,신서연
8167,고성린
8168,김의지
8169,안운홍
8170,김나윤
8171,고준평
8172,김지혜
8173,최민환
8174,신하원
8175,이찬수
8176,김현연
8177,전동환
8178,정민경
8179,김정연
8180,정승진
8181,김벙우
8182,조현원
8183,김현훈
8184,전규라
8185,강지호
8186,서주서
8187,이준윤
8188,정보현
8189,최정환
8190,양예연
8191,김승수
8192,윤유연
8193,허정번
8194,백지연
8195,정성현
8196,김서지
8197,유주운
8198,윤긍련
8199,이진수
8200,최재서
8201,백호연
8202,이가연
8203,김재철
8204,박희지
8205,김면호
8206,맹주진
8207,황시호
8208,박보연
8209,김조번
8210,이소수
8211,최경원
8212,송지주
8213,장상몽
8214,서다원
8215,엄형현
8216,이다진
8217,방숭채
8218,권은현
8219,여남준
8220,오성빈
8221,김재성
8222,이보연
8223,최영희
8224,이주나
8225,이정현
8226,진서빈
8227,민관형
8228,서채연
8229,송재운
8230,성수주
8231,송한배
8232,윤보겅
8233,박민현
8234,성지진
8235,장항헝
8236,이서원
8237,원성균
8238,오유현
8239,이진재
8240,허도나
8241,김도환
8242,유윤은
8243,김숭수
8244,박하연
8245,신성운
8246,김채윤
8247,김연진
8248,고유은
8249,정변혼
8250,전미윤
8251,이숭연
8252,이유서
8253,백병원
8254,심혀은
8255,조진유
8256,박연린
8257,황석찬
8258,정성현
8259,조종훈
8260,심미영
8261,이우성
8262,강희슨
8263,박세원
8264,김수영
8265,임승원
8266,이현재
8267,김경휘
8268,신서지
8269,이윤하
8270,박연민
8271,주홍준
8272,김소린
8273,강영형
8274,양지림
8275,김관원
8276,전견서
8277,문현운
8278,이지영
8279,김규진
8280,박수수
8281,신경원
8282,김윤은
8283,김지현
8284,조혜전
8285,이창현
8286,오현희
8287,황태연
8288,양유빈
8289,김찬요
8290,고서지
8291,이내환
8292,양지민
8293,강승번
8294,김혜린
8295,최승현
8296,유주서
8297,김진천
8298,이예영
8299,김현청
8300,권예서
8301,진태순
8302,이유희
8303,하재태
8304,이승현
8305,한진석
8306,임호진
8307,공동운
8308,이도주
8309,김원현
8310,장지린
8311,이재모
8312,오수은
8313,윤상군
8314,오수서
8315,김성연
8316,윤미윤
8317,이선운
8318,강다나
8319,김해교
8320,허수진
8321,신원재
8322,변나연
8323,김해현
8324,김태윤
8325,이승나
8326,이은린
8327,고한석
8328,장지서
8329,서민현
8330,변응은
8331,구상은
8332,김유은
8333,서성인
8334,김미은
8335,유민순
8336,김재원
8337,정도형
8338,신가진
8339,유희훈
8340,신성경
8341,장하균
8342,안저아
8343,최영운
8344,정지인
8345,김청연
8346,김승연
8347,김성찬
8348,김희빈
8349,고성준
8350,박채서
8351,강유민
8352,한유민
8353,송동헉
8354,박지진
8355,서동연
8356,변예서
8357,허승환
8358,장아현
8359,문태현
8360,이혜희
8361,윤유원
8362,전수민
8363,윤준연
8364,양소진
8365,김벙현
8366,윤시연
8367,권라민
8368,송지연
8369,지주석
8370,심소현
8371,최주희
8372,홍예경
8373,한태영
8374,한민연
8375,최진호
8376,강수나
8377,서운태
8378,임민연
8379,배주진
8380,이기주
8381,최훈민
8382,고도인
8383,이성수
8384,신서진
8385,최인연
8386,홍미은
8387,이병혼
8388,박소은
8389,황윤민
8390,장은연
8391,임호준
8392,오예민
8393,신호주
8394,장민아
8395,신동수
8396,김유지
8397,문상산
8398,임현원
8399,이예태
8400,김도나
8401,임지은
8402,김지은
8403,최장석
8404,심도린
8405,김재타
8406,송수지
8407,여태호
8408,안혀선
8409,황건준
8410,김저경
8411,우동현
8412,박미민
8413,김겅성
8414,배은혜
8415,이태호
8416,이희재
8417,이상진
8418,김유지
8419,최수루
8420,김지진
8421,박민현
8422,이주수
8423,김석우
8424,김지주
8425,박동운
8426,강지연
8427,함숭혁
8428,남현린
8429,황창헌
8430,박소현
8431,신제순
8432,박예저
8433,채경신
8434,강은희
8435,김재환
8436,박예경
8437,윤도진
8438,곽서주
8439,이재긴
8440,이재효
8441,이형원
8442,채가인
8443,함민우
8444,손희혜
8445,이주희
8446,오민은
8447,장지해
8448,서예저
8449,손태우
8450,김현은
8451,황청석
8452,박예희
8453,박승력
8454,김은서
8455,허해수
8456,이소빈
8457,김창석
8458,박정은
8459,김동원
8460,주윤주
8461,허정준
8462,권은연
8463,김중훈
8464,성혀주
8465,유형현
8466,이하연
8467,황연운
8468,정지원
8469,박상우
8470,유시아
8471,김선현
8472,성푸연
8473,이영현
8474,이지은
8475,정채세
8476,이소진
8477,조유연
8478,남현수
8479,남견재
8480,김민서
8481,채준군
8482,정윤윤
8483,김정배
8484,김서민
8485,김상운
8486,최가인
8487,정창천
8488,안채연
8489,권선용
8490,구효원
8491,정민민
8492,진소견
8493,조성현
8494,박예원
8495,이승요
8496,이지원
8497,김규호
8498,신하지
8499,한동운
8500,김지은
8501,정명우
8502,석주희
8503,문성연
8504,정하연
8505,이동규
8506,김미연
8507,이벙민
8508,안세연
8509,권강성
8510,한지주
8511,박인찬
8512,김은빈
8513,류긍인
8514,이서민
8515,박연환
8516,강저현
8517,박간환
8518,이민은
8519,송벙현
8520,홍서지
8521,소전성
8522,이저은
8523,김상우
8524,이희우
8525,유태원
8526,장세현
8527,백성찬
8528,송수은
8529,홍희재
8530,이차연
8531,이재흔
8532,정보이
8533,김현원
8534,유소진
8535,양회민
8536,임민경
8537,최경민
8538,박가희
8539,이민원
8540,이예준
8541,신형원
8542,이주민
8543,최병운
8544,김현원
8545,손윤규
8546,강지리
8547,지태혼
8548,권승영
8549,신영우
8550,박현인
8551,남진헌
8552,하현빈
8553,금경유
8554,문가현
8555,김재호
8556,이지혜
8557,박창호
8558,박세연
8559,정운빈
8560,박다원
8561,김재호
8562,조혜민
8563,장민운
8564,한지린
8565,이동선
8566,이수진
8567,김순현
8568,이민원
8569,박성호
8570,김혜연
8571,정주왕
8572,강현주
8573,박연운
8574,이지주
8575,박병벅
8576,이지서
8577,배존윤
8578,박민민
8579,박상우
8580,박민원
8581,한성용
8582,이예지
8583,박정환
8584,성연연
8585,안슨현
8586,남희민
8587,성태환
8588,강지현
8589,김성성
8590,서지서
8591,고조규
8592,이유빈
8593,박면해
8594,이지민
8595,권시견
8596,장나현
8597,유면현
8598,김소연
8599,류태민
8600,김예연
8601,정성호
8602,이지진
8603,양찬환
8604,엄유연
8605,박전호
8606,이예연
8607,김희우
8608,서지원
8609,김재욱
8610,김채윤
8611,이사호
8612,김연저
8613,박영전
8614,김유운
8615,정면중
8616,정저현
8617,김성훈
8618,송진연
8619,문주영
8620,김현현
8621,한지진
8622,정연민
8623,이예훈
8624,이소경
8625,유현민
8626,김다기
8627,김현현
8628,임예지
8629,윤건번
8630,정효현
8631,오재권
8632,강주린
8633,이운석
8634,정희은
8635,류창석
8636,방하혜
8637,임용인
8638,이세연
8639,김연석
8640,김채연
8641,이민군
8642,박슨현
8643,김대훈
8644,서효민
8645,이연우
8646,오유정
8647,송동태
8648,채소련
8649,박승한
8650,김현경
8651,김승연
8652,임다연
8653,김동진
8654,손유연
8655,이진태
8656,김주린
8657,윤순우
8658,안서현
8659,박인한
8660,박지은
8661,이기석
8662,고시현
8663,정문석
8664,곽지윤
8665,이동혼
8666,박하연
8667,박정서
8668,백서경
8669,이순수
8670,허지연
8671,신태도
8672,조예희
8673,최관범
8674,엄현안
8675,박현성
8676,이서린
8677,김면설
8678,정현안
8679,김형현
8680,김예희
8681,김형용
8682,조주연
8683,황벙구
8684,김사은
8685,한형원
8686,남수현
8687,이성연
8688,김나원
8689,이겅민
8690,장혜원
8691,성원훈
8692,손세운
8693,최민연
8694,이세저
8695,김태선
8696,이현전
8697,민성민
8698,이보린
8699,안전관
8700,최연주
8701,최재운
8702,정지연
8703,임지수
8704,김예빈
8705,원재규
8706,송사진
8707,김우문
8708,문보희
8709,김동진
8710,김주빈
8711,정주석
8712,박도연
8713,박우빈
8714,황시은
8715,이형혼
8716,강예견
8717,명형주
8718,오지연
8719,김상현
8720,이도나
8721,김민우
8722,박윤경
8723,박채훈
8724,안유영
8725,이주준
8726,박혜진
8727,오준연
8728,장도빈
8729,신조석
8730,박지빈
8731,유형한
8732,임수지
8733,김홍창
8734,박현지
8735,이승준
8736,이나희
8737,박현현
8738,강가린
8739,김동현
8740,김규민
8741,임준섭
8742,한지현
8743,최용성
8744,이은현
8745,최태석
8746,이미은
8747,강운민
8748,박저하
8749,김주문
8750,주저연
8751,문태윤
8752,신윤연
8753,정성현
8754,양희은
8755,박동민
8756,강지나
8757,박동연
8758,천지저
8759,권재준
8760,정수석
8761,오구재
8762,최지령
8763,박민석
8764,박수윤
8765,성원영
8766,이수연
8767,차창환
8768,양예현
8769,박민준
8770,최서연
8771,이주호
8772,조보연
8773,박거승
8774,김보진
8775,장승호
8776,한주민
8777,장재석
8778,이희나
8779,정경운
8780,김자연
8781,이동유
8782,이시민
8783,안민면
8784,김서진
8785,김민혼
8786,이소연
8787,송홍희
8788,김도연
8789,안운유
8790,채나라
8791,허승원
8792,강세은
8793,박현현
8794,박혀서
8795,이형성
8796,김예주
8797,임지환
8798,이다현
8799,최유준
8800,신인서
8801,김용운
8802,박지진
8803,국승연
8804,이수주
8805,박천전
8806,김지경
8807,김태윤
8808,엄지아
8809,이재천
8810,박하원
8811,임승홍
8812,이민은
8813,강기석
8814,한가현
8815,김원훈
8816,이희연
8817,고벙재
8818,양윤연
8819,선주진
8820,서나진
8821,허종진
8822,함소주
8823,이세준
8824,최유나
8825,이제훈
8826,김하민
8827,원병연
8828,현초빈
8829,조태현
8830,김유주
8831,오상숙
8832,박은현
8833,박수빈
8834,권현원
8835,한태응
8836,홍다희
8837,최영연
8838,한서원
8839,최영인
8840,정수원
8841,김세영
8842,김유경
8843,김연환
8844,김서은
8845,서민현
8846,전민민
8847,김상진
8848,오이민
8849,김영희
8850,강서희
8851,유상천
8852,류채현
8853,노시환
8854,권윤연
8855,이동호
8856,신유연
8857,김순현
8858,배민아
8859,김응운
8860,정지신
8861,남태진
8862,박소민
8863,조세영
8864,신수은
8865,안성석
8866,이예경
8867,이주수
8868,송태아
8869,김희고
8870,김지진
8871,김기민
8872,강주재
8873,박영현
8874,김다은
8875,차수웅
8876,박지원
8877,유동우
8878,박서린
8879,명상우
8880,강미은
8881,장찬주
8882,김다원
8883,최장호
8884,염수빈
8885,윤수베
8886,남주연
8887,우동운
8888,김유원
8889,김형영
8890,김시인
8891,강정윤
8892,이유은
8893,송재민
8894,박수연
8895,최성우
8896,김미민
8897,윤진성
8898,송서현
8899,이민숭
8900,김서빈
8901,홍정준
8902,전근경
8903,박창언
8904,장소애
8905,한동수
8906,최차원
8907,임종운
8908,김아인
8909,김주재
8910,장유민
8911,황민우
8912,김유원
8913,최우연
8914,김하연
8915,장한유
8916,김도현
8917,성친훈
8918,이혜현
8919,서현호
8920,정슨진
8921,이주라
8922,홍지나
8923,이긍식
8924,이벼현
8925,윤차석
8926,강혜현
8927,김호준
8928,임의연
8929,김영운
8930,이가연
8931,장효영
8932,박진연
8933,유우우
8934,오소선
8935,박준현
8936,김다견
8937,신준선
8938,김혜빈
8939,김주민
8940,김소서
8941,성종준
8942,한지지
8943,박대현
8944,장지민
8945,도인견
8946,김저리
8947,이성영
8948,차은지
8949,박윤민
8950,이세예
8951,문상수
8952,윤최현
8953,서성혁
8954,정서연
8955,임재표
8956,김희연
8957,김승성
8958,김하은
8959,김태주
8960,정지경
8961,박윤태
8962,강수진
8963,이긴석
8964,김저연
8965,정경찬
8966,윤세재
8967,장중석
8968,한주서
8969,전한푱
8970,이유아
8971,이긴석
8972,허유래
8973,강형연
8974,김현진
8975,이형후
8976,이연경
8977,오신인
8978,김승은
8979,이재번
8980,한서저
8981,김긍시
8982,배현늘
8983,강성인
8984,김초연
8985,황성륜
8986,주수서
8987,오경걱
8988,홍세현
8989,남상성
8990,박유현
8991,조홍석
8992,김수빈
8993,이진재
8994,신유은
8995,라진혁
8996,송유희
8997,양태원
8998,유희채
8999,한형후
9000,이유연
9001,정벙재
9002,최민연
9003,김상환
9004,정서린
9005,권형연
9006,공희린
9007,김준운
9008,신하윤
9009,김지후
9010,송서경
9011,박동민
9012,김혜연
9013,김승진
9014,박민저
9015,백보유
9016,이혜연
9017,최도용
9018,이다선
9019,이겅인
9020,이어현
9021,이면훈
9022,한서연
9023,추정원
9024,정지련
9025,권겅운
9026,한태현
9027,박민균
9028,남지준
9029,이낙민
9030,박윤인
9031,김동석
9032,강벼민
9033,이정석
9034,문하서
9035,홍경숭
9036,조서현
9037,김진요
9038,석저지
9039,윤영래
9040,장지진
9041,황선현
9042,김주희
9043,최성규
9044,권지민
9045,신긴고
9046,조유연
9047,서성호
9048,한효저
9049,김준후
9050,정나예
9051,장겅운
9052,송효주
9053,최요수
9054,강지은
9055,김지석
9056,조채림
9057,김원호
9058,이새서
9059,황태현
9060,김승진
9061,정승현
9062,전하은
9063,류균준
9064,주다민
9065,김성사
9066,안다린
9067,한재민
9068,안혜민
9069,안성원
9070,한안원
9071,정지용
9072,윤수한
9073,박민호
9074,정연연
9075,이필원
9076,배유주
9077,손태현
9078,전채연
9079,박지운
9080,장유영
9081,조윤규
9082,이세진
9083,김승율
9084,박승주
9085,김정석
9086,권서윤
9087,민운연
9088,이유예
9089,이재연
9090,김초겅
9091,김성오
9092,이지민
9093,남희인
9094,조혜윤
9095,이찬은
9096,배시아
9097,최태원
9098,박수영
9099,이승천
9100,남예경
9101,홍동후
9102,손가소
9103,이진역
9104,정윤연
9105,석장운
9106,김시경
9107,김윤수
9108,전지연
9109,정벙성
9110,이소효
9111,김태연
9112,노나은
9113,엄승진
9114,김서연
9115,이대진
9116,이지나
9117,강동호
9118,서현연
9119,김하호
9120,김승원
9121,김채서
9122,김혜안
9123,손희순
9124,오지지
9125,정유현
9126,김예원
9127,심예운
9128,장서원
9129,김완성
9130,이서우
9131,이문호
9132,정하연
9133,김앙석
9134,김초연
9135,장조전
9136,박가서
9137,김병운
9138,김유희
9139,고현형
9140,이미솔
9141,명준원
9142,이예현
9143,이동석
9144,조희혜
9145,고경견
9146,고벼은
9147,이재운
9148,박지연
9149,이저형
9150,유예은
9151,최종인
9152,장민은
9153,김겅청
9154,서수연
9155,안문앙
9156,김은주
9157,김승훈
9158,제혜린
9159,이주현
9160,김서현
9161,김민연
9162,오현희
9163,강동혁
9164,조지진
9165,구승운
9166,최서지
9167,황성석
9168,장예안
9169,윤동민
9170,이서원
9171,박진수
9172,김서화
9173,김진호
9174,강주이
9175,윤영원
9176,이지원
9177,최승몬
9178,박가지
9179,이성재
9180,천지재
9181,최해린
9182,이저아
9183,김홍석
9184,원혜화
9185,박병우
9186,박소희
9187,김황한
9188,황가연
9189,권재원
9190,신서현
9191,이병긴
9192,김시나
9193,안승은
9194,현수현
9195,신정민
9196,장소진
9197,임제석
9198,김소빈
9199,양지석
9200,김세현
9201,유영현
9202,배서안
9203,백지긴
9204,김은현
9205,임형민
9206,이예현
9207,서찬천
9208,박인은
9209,임성운
9210,박지린
9211,박주현
9212,최채희
9213,송형준
9214,이보윤
9215,안송석
9216,이희현
9217,오상운
9218,박주진
9219,장용준
9220,유혜희
9221,이도진
9222,차주빈
9223,서이재
9224,정시연
9225,정경연
9226,장민윤
9227,신동현
9228,이소연
9229,박병진
9230,김혜희
9231,정현온
9232,김미은
9233,안동균
9234,박예은
9235,이지견
9236,허수원
9237,박재한
9238,박유영
9239,김인희
9240,전미재
9241,공태운
9242,이서민
9243,전조종
9244,최승시
9245,신동진
9246,김소윤
9247,김원호
9248,이규민
9249,양재우
9250,박시소
9251,홍승성
9252,박혜련
9253,김정진
9254,권희은
9255,이견민
9256,박윤은
9257,김성연
9258,김유진
9259,석태현
9260,이주은
9261,방태혼
9262,유수은
9263,최춘형
9264,하예지
9265,김권재
9266,이세현
9267,박민주
9268,고혜연
9269,주성호
9270,이지빈
9271,이현연
9272,서소현
9273,최민운
9274,유민빈
9275,강우주
9276,박지수
9277,진동후
9278,강혜진
9279,김견견
9280,박유연
9281,이용석
9282,우지은
9283,이지유
9284,신보민
9285,홍성오
9286,김주미
9287,박현우
9288,김채지
9289,김창현
9290,권수은
9291,양창찬
9292,김소진
9293,진승민
9294,윤소현
9295,박대욱
9296,이지연
9297,윤겅덕
9298,한연린
9299,허주우
9300,이수현
9301,이균년
9302,이무아
9303,이대현
9304,민지은
9305,김성운
9306,김주연
9307,양강민
9308,김하희
9309,송전성
9310,전인현
9311,옥준석
9312,김소현
9313,임영유
9314,장현민
9315,이주민
9316,김예연
9317,강항석
9318,함나빈
9319,박운재
9320,김하희
9321,윤세재
9322,지민현
9323,황진사
9324,최연린
9325,김준헉
9326,강연민
9327,이태진
9328,전지연
9329,신형현
9330,남유서
9331,이상환
9332,주소혜
9333,김홍긴
9334,박혜은
9335,전현재
9336,이도경
9337,박재택
9338,이미현
9339,전주견
9340,김수경
9341,이재재
9342,김효진
9343,최윤원
9344,정미나
9345,장응우
9346,정주연
9347,김동진
9348,박민나
9349,강민수
9350,전세연
9351,류희성
9352,나미은
9353,강동푱
9354,한지은
9355,유영시
9356,고채경
9357,허우운
9358,주형경
9359,이민혼
9360,이연혜
9361,박재운
9362,정민서
9363,박성수
9364,임지나
9365,김한재
9366,김수원
9367,정형규
9368,최주진
9369,양종호
9370,김희서
9371,김준보
9372,임미주
9373,김민준
9374,이다진
9375,박유호
9376,신지경
9377,이준환
9378,김연주
9379,이창연
9380,김희민
9381,이진훈
9382,고다영
9383,한슨구
9384,이재연
9385,최진원
9386,안이린
9387,이주기
9388,강현연
9389,조용류
9390,강유영
9391,정민영
9392,심희연
9393,김시연
9394,선유민
9395,유재성
9396,권서연
9397,안세우
9398,정가나
9399,엄형현
9400,곽세현
9401,이동연
9402,전지저
9403,신전재
9404,심지현
9405,김유찬
9406,곽승희
9407,이성과
9408,최우연
9409,장병영
9410,박서영
9411,이지훈
9412,서지연
9413,김인준
9414,오세경
9415,김우천
9416,김유연
9417,박승경
9418,김근연
9419,배승희
9420,김서우
9421,이정민
9422,박은재
9423,김동호
9424,박유수
9425,임현영
9426,김지민
9427,최현빈
9428,문하연
9429,조승진
9430,백주린
9431,이홍훈
9432,서연윤
9433,송경수
9434,김지서
9435,김세원
9436,김규아
9437,한강현
9438,우혜안
9439,김성운
9440,박윤주
9441,박형성
9442,황하우
9443,이원번
9444,이다연
9445,정재운
9446,박예서
9447,박용운
9448,김혜진
9449,양동균
9450,안서연
9451,박승요
9452,주지저
9453,안덩형
9454,유민지
9455,윤현린
9456,김도진
9457,윤송헌
9458,김소경
9459,임형규
9460,김아린
9461,마승긴
9462,유미연
9463,박인현
9464,이재련
9465,전조근
9466,김보희
9467,오정수
9468,안보인
9469,조대현
9470,이세현
9471,이유환
9472,오태민
9473,전항진
9474,김민서
9475,정강석
9476,김가주
9477,방병미
9478,김예원
9479,윤성규
9480,임연연
9481,임성운
9482,이윤진
9483,김동주
9484,조서은
9485,이재운
9486,최수하
9487,송태환
9488,안시연
9489,김재우
9490,김세은
9491,신겅영
9492,민가나
9493,최상신
9494,강지경
9495,최현선
9496,박승린
9497,한관석
9498,박연나
9499,김성근
9500,심지현
9501,최재순
9502,이연경
9503,김한삼
9504,김여민
9505,정주진
9506,이근윤
9507,이유현
9508,이예연
9509,손성성
9510,홍도연
9511,김창준
9512,김혜화
9513,박홍민
9514,김미서
9515,오진섭
9516,서미양
9517,이민원
9518,임재은
9519,이태민
9520,채혜진
9521,김전현
9522,권서지
9523,박찬준
9524,송혜진
9525,김태유
9526,변보영
9527,정유호
9528,김유우
9529,김정규
9530,강소은
9531,황전형
9532,김민현
9533,양성현
9534,강다빈
9535,강성성
9536,손저진
9537,명현준
9538,이혜경
9539,박재민
9540,한지연
9541,정현호
9542,오저현
9543,강동희
9544,설슨호
9545,오웅현
9546,최유빈
9547,하창원
9548,배유지
9549,김재태
9550,고다연
9551,강연준
9552,정연서
9553,문정기
9554,배서리
9555,허신재
9556,임윤빈
9557,손기현
9558,홍민진
9559,한병빈
9560,이저재
9561,신상재
9562,위지은
9563,오민찬
9564,장나린
9565,최창긴
9566,함성민
9567,송주찬
9568,박지라
9569,김상식
9570,최민연
9571,장성훈
9572,유주선
9573,김성빈
9574,박가연
9575,최광성
9576,최수저
9577,차연희
9578,이유현
9579,한유전
9580,장규민
9581,김한민
9582,김수린
9583,이채운
9584,박수혜
9585,김지현
9586,권지현
9587,김규균
9588,정하현
9589,노주운
9590,이현주
9591,이응숙
9592,남윤서
9593,손정현
9594,김예연
9595,박승호
9596,김지혜
9597,강태진
9598,김채진
9599,김흔차
9600,권예진
9601,민준준
9602,신시은
9603,김연성
9604,김지연
9605,안태준
9606,김아연
9607,나진현
9608,김지윤
9609,박영량
9610,김수저
9611,박견천
9612,한보련
9613,유지환
9614,공유서
9615,남재혁
9616,김채민
9617,박재진
9618,강나린
9619,박주현
9620,정서진
9621,박유긴
9622,송소빈
9623,김병진
9624,조현원
9625,박승규
9626,현혜연
9627,고조준
9628,김서리
9629,이효규
9630,김연민
9631,양준량
9632,정지진
9633,박희운
9634,성사원
9635,최재원
9636,정소민
9637,변용민
9638,나재원
9639,하성문
9640,김저빈
9641,주명호
9642,김지린
9643,박성석
9644,안혜윤
9645,최정진
9646,강규늘
9647,김연긴
9648,김서진
9649,조응호
9650,신채희
9651,이윤환
9652,정지연
9653,유운수
9654,서연현
9655,박형문
9656,정예현
9657,안겅찬
9658,김이현
9659,라봉훈
9660,하은현
9661,양호환
9662,신서희
9663,정종연
9664,이채현
9665,김동윤
9666,김가나
9667,김운요
9668,김혜주
9669,박면준
9670,노수현
9671,이동현
9672,김규린
9673,박찬한
9674,박초원
9675,박성준
9676,문예원
9677,김준긴
9678,신예진
9679,배상형
9680,이지빈
9681,고재훈
9682,채유나
9683,천동석
9684,박소수
9685,송승석
9686,노현희
9687,최윤현
9688,박수연
9689,허찬후
9690,최지희
9691,박재호
9692,서사진
9693,채조현
9694,안유미
9695,한전원
9696,황하하
9697,박상우
9698,권슨민
9699,최장원
9700,조채진
9701,소진훅
9702,김민미
9703,심강현
9704,송가전
9705,박창인
9706,김현영
9707,김연한
9708,노수연
9709,김우견
9710,박예긴
9711,김룡유
9712,김가현
9713,오동운
9714,박저서
9715,박두연
9716,강아희
9717,이기원
9718,김혜주
9719,소상석
9720,황혜리
9721,이원호
9722,홍진양
9723,문광우
9724,이지슨
9725,안예재
9726,박시진
9727,이민일
9728,김소희
9729,김이우
9730,강서연
9731,김지민
9732,류저은
9733,김항버
9734,김서현
9735,하윤현
9736,김최윤
9737,권연후
9738,김응리
9739,김재수
9740,김예나
9741,김주문
9742,김소원
9743,권광배
9744,황저연
9745,황승호
9746,유미민
9747,김조한
9748,이다은
9749,오상번
9750,유세라
9751,권청석
9752,이다연
9753,신희섬
9754,김지라
9755,박태후
9756,윤재희
9757,정태원
9758,이미민
9759,박성수
9760,김태현
9761,윤재선
9762,배서연
9763,손관형
9764,심규경
9765,최준석
9766,김지원
9767,김성보
9768,조하준
9769,전기성
9770,홍소진
9771,왕진훈
9772,한시진
9773,강문호
9774,김예윤
9775,최준한
9776,박서원
9777,최예겅
9778,박민윤
9779,임동진
9780,김유서
9781,김성연
9782,홍은원
9783,황정인
9784,이수희
9785,김민민
9786,김연연
9787,한제시
9788,김의수
9789,정순현
9790,최민연
9791,정운호
9792,진유원
9793,김한형
9794,변세린
9795,이정빈
9796,김하경
9797,서세빈
9798,한재준
9799,박민환
9800,최혜주
9801,최지세
9802,권유연
9803,박평연
9804,김유연
9805,신제진
9806,이소연
9807,박승찬
9808,이나형
9809,이태연
9810,고지비
9811,이호호
9812,이다빈
9813,이요운
9814,이이우
9815,윤승현
9816,박지영
9817,노상후
9818,전수현
9819,김민권
9820,안서원
9821,최준민
9822,임서지
9823,홍현환
9824,배서나
9825,강종석
9826,이가서
9827,김인청
9828,임소진
9829,김종호
9830,오다주
9831,설민현
9832,이아진
9833,전균희
9834,김희서
9835,최민우
9836,이소은
9837,이성민
9838,황연리
9839,김성근
9840,김유원
9841,임성현
9842,배은연
9843,김정훈
9844,김유연
9845,김예석
9846,전서진
9847,진세진
9848,김사언
9849,김민용
9850,강저주
9851,김태현
9852,김보윤
9853,김성조
9854,이현서
9855,김균주
9856,임민저
9857,이재유
9858,이혜연
9859,박세준
9860,박혜연
9861,박호원
9862,유나연
9863,강성환
9864,임미연
9865,정종규
9866,이민진
9867,채승훅
9868,김규희
9869,김요수
9870,이예민
9871,소재연
9872,조지현
9873,유준호
9874,김하은
9875,강우준
9876,오혀진
9877,최숭호
9878,강현진
9879,허정석
9880,신지서
9881,함종민
9882,박지연
9883,김동민
9884,김리은
9885,정경민
9886,윤주현
9887,조이보
9888,김수은
9889,김진신
9890,신주아
9891,선영우
9892,신채빈
9893,김정문
9894,김지연
9895,이태현
9896,이지원
9897,안경현
9898,이유지
9899,권영진
9900,최혜현
9901,권겅선
9902,지유현
9903,윤재성
9904,정미민
9905,박주수
9906,이지겅
9907,조준주
9908,김주연
9909,엄지운
9910,고효린
9911,임영석
9912,허서인
9913,박청환
9914,김고연
9915,한홍현
9916,노가빈
9917,고예혁
9918,송소연
9919,김조원
9920,김예주
9921,라성현
9922,김연원
9923,나민재
9924,김유린
9925,김연수
9926,양다윤
9927,정병준
9928,안지은
9929,전동훈
9930,박차주
9931,김형훈
9932,곽다윤
9933,강호환
9934,김소인
9935,강영석
9936,이다현
9937,신문현
9938,백지경
9939,이성운
9940,양혜정
9941,최원혁
9942,신예연
9943,박선민
9944,김소민
9945,김청운
9946,유연혜
9947,조민희
9948,송소연
9949,강승영
9950,강지윤
9951,윤진환
9952,임연은
9953,강항수
9954,김지현
9955,손홍훈
9956,박효은
9957,박정희
9958,지어현
9959,권태현
9960,신서현
9961,배영환
9962,서다혜
9963,문동진
9964,김미원
9965,최태규
9966,오유인
9967,손성역
9968,정은서
9969,박준환
9970,이처서
9971,최성표
9972,서유주
9973,배성안
9974,고애린
9975,배헝한
9976,조지연
9977,김의숭
9978,김연연
9979,김시준
9980,김지혜
9981,유태수
9982,이하아
9983,김겅성
9984,최수미
9985,유예호
9986,임지연
9987,임현현
9988,김도주
9989,김지제
9990,박주서
9991,박응균
9992,신수빈
9993,김도성
9994,최아진
9995,이태빈
9996,이서현
9997,김시영
9998,고도빈
9999,육전운
